symbol,company_name,shareholder,rank,shares,percent,as_of,ca_type,source_url,company_label
ADVANC,บริษัท แอดวานซ์ อินโฟร์ เซอร์วิส จำกัด (มหาชน),บริษัท กัลฟ์ ดีเวลลอปเมนท์ จำกัด (มหาชน),1,1202712000,40.44,2026-03-02T00:00:00+07:00,XM,https://www.set.or.th/th/market/product/stock/quote/ADVANC/major-shareholders,ADVANC - บริษัท แอดวานซ์ อินโฟร์ เซอร์วิส จำกัด (มหาชน)
ADVANC,บริษัท แอดวานซ์ อินโฟร์ เซอร์วิส จำกัด (มหาชน),SINGTEL STRATEGIC INVESTMENTS PTE LTD.,2,568000000,19.1,2026-03-02T00:00:00+07:00,XM,https://www.set.or.th/th/market/product/stock/quote/ADVANC/major-shareholders,ADVANC - บริษัท แอดวานซ์ อินโฟร์ เซอร์วิส จำกัด (มหาชน)
ADVANC,บริษัท แอดวานซ์ อินโฟร์ เซอร์วิส จำกัด (มหาชน),บริษัท ไทยเอ็นวีดีอาร์ จำกัด,3,226881375,7.63,2026-03-02T00:00:00+07:00,XM,https://www.set.or.th/th/market/product/stock/quote/ADVANC/major-shareholders,ADVANC - บริษัท แอดวานซ์ อินโฟร์ เซอร์วิส จำกัด (มหาชน)
ADVANC,บริษัท แอดวานซ์ อินโฟร์ เซอร์วิส จำกัด (มหาชน),RAFFLE NOMINEES (PTE) LTD S/A SINGTEL STRATEGIC INVESTMENTS PTE LTD.,4,168492744,5.67,2026-03-02T00:00:00+07:00,XM,https://www.set.or.th/th/market/product/stock/quote/ADVANC/major-shareholders,ADVANC - บริษัท แอดวานซ์ อินโฟร์ เซอร์วิส จำกัด (มหาชน)
ADVANC,บริษัท แอดวานซ์ อินโฟร์ เซอร์วิส จำกัด (มหาชน),กองทุนรวม วายุภักษ์หนึ่ง,5,88383700,2.97,2026-03-02T00:00:00+07:00,XM,https://www.set.or.th/th/market/product/stock/quote/ADVANC/major-shareholders,ADVANC - บริษัท แอดวานซ์ อินโฟร์ เซอร์วิส จำกัด (มหาชน)
AOT,บริษัท ท่าอากาศยานไทย จำกัด (มหาชน),กระทรวงการคลัง,1,10000000000,70.0,2025-12-12T00:00:00+07:00,XM,https://www.set.or.th/th/market/product/stock/quote/AOT/major-shareholders,AOT - บริษัท ท่าอากาศยานไทย จำกัด (มหาชน)
AOT,บริษัท ท่าอากาศยานไทย จำกัด (มหาชน),บริษัท ไทยเอ็นวีดีอาร์ จำกัด,2,468872380,3.28,2025-12-12T00:00:00+07:00,XM,https://www.set.or.th/th/market/product/stock/quote/AOT/major-shareholders,AOT - บริษัท ท่าอากาศยานไทย จำกัด (มหาชน)
AOT,บริษัท ท่าอากาศยานไทย จำกัด (มหาชน),กองทุนรวม วายุภักษ์หนึ่ง,3,345959000,2.42,2025-12-12T00:00:00+07:00,XM,https://www.set.or.th/th/market/product/stock/quote/AOT/major-shareholders,AOT - บริษัท ท่าอากาศยานไทย จำกัด (มหาชน)
AOT,บริษัท ท่าอากาศยานไทย จำกัด (มหาชน),สำนักงานประกันสังคม,4,195775520,1.37,2025-12-12T00:00:00+07:00,XM,https://www.set.or.th/th/market/product/stock/quote/AOT/major-shareholders,AOT - บริษัท ท่าอากาศยานไทย จำกัด (มหาชน)
AOT,บริษัท ท่าอากาศยานไทย จำกัด (มหาชน),SOUTH EAST ASIA UK (TYPE C) NOMINEES LIMITED,5,171637725,1.2,2025-12-12T00:00:00+07:00,XM,https://www.set.or.th/th/market/product/stock/quote/AOT/major-shareholders,AOT - บริษัท ท่าอากาศยานไทย จำกัด (มหาชน)
AWC,บริษัท แอสเสท เวิรด์ คอร์ป จำกัด (มหาชน),บริษัท ทีซีซี บริหารธุรกิจ จำกัด,1,14400000000,44.96,2026-05-08T00:00:00+07:00,XD,https://www.set.or.th/th/market/product/stock/quote/AWC/major-shareholders,AWC - บริษัท แอสเสท เวิรด์ คอร์ป จำกัด (มหาชน)
AWC,บริษัท แอสเสท เวิรด์ คอร์ป จำกัด (มหาชน),บริษัท ทีซีซี รีเทล จำกัด,2,9600000000,29.98,2026-05-08T00:00:00+07:00,XD,https://www.set.or.th/th/market/product/stock/quote/AWC/major-shareholders,AWC - บริษัท แอสเสท เวิรด์ คอร์ป จำกัด (มหาชน)
AWC,บริษัท แอสเสท เวิรด์ คอร์ป จำกัด (มหาชน),NOMURA SINGAPORE LIMITED-CUSTOMER SEGREGATED ACCOUNT,3,1430000000,4.47,2026-05-08T00:00:00+07:00,XD,https://www.set.or.th/th/market/product/stock/quote/AWC/major-shareholders,AWC - บริษัท แอสเสท เวิรด์ คอร์ป จำกัด (มหาชน)
AWC,บริษัท แอสเสท เวิรด์ คอร์ป จำกัด (มหาชน),UBS AG SINGAPORE BRANCH - FOR CLIENTS' ACCOUNTS,4,691391201,2.16,2026-05-08T00:00:00+07:00,XD,https://www.set.or.th/th/market/product/stock/quote/AWC/major-shareholders,AWC - บริษัท แอสเสท เวิรด์ คอร์ป จำกัด (มหาชน)
AWC,บริษัท แอสเสท เวิรด์ คอร์ป จำกัด (มหาชน),กองทุนรวม วายุภักษ์หนึ่ง,5,612369400,1.91,2026-05-08T00:00:00+07:00,XD,https://www.set.or.th/th/market/product/stock/quote/AWC/major-shareholders,AWC - บริษัท แอสเสท เวิรด์ คอร์ป จำกัด (มหาชน)
BANPU,บริษัท บ้านปู จำกัด (มหาชน),บริษัท น้ำตาลมิตรผล จำกัด,1,827908786,8.26,2026-06-05T00:00:00+07:00,XM,https://www.set.or.th/th/market/product/stock/quote/BANPU/major-shareholders,BANPU - บริษัท บ้านปู จำกัด (มหาชน)
BANPU,บริษัท บ้านปู จำกัด (มหาชน),บริษัท ไทยเอ็นวีดีอาร์ จำกัด,2,799858493,7.98,2026-06-05T00:00:00+07:00,XM,https://www.set.or.th/th/market/product/stock/quote/BANPU/major-shareholders,BANPU - บริษัท บ้านปู จำกัด (มหาชน)
BANPU,บริษัท บ้านปู จำกัด (มหาชน),SOUTH EAST ASIA UK (TYPE C) NOMINEES LIMITED,3,293437069,2.93,2026-06-05T00:00:00+07:00,XM,https://www.set.or.th/th/market/product/stock/quote/BANPU/major-shareholders,BANPU - บริษัท บ้านปู จำกัด (มหาชน)
BANPU,บริษัท บ้านปู จำกัด (มหาชน),นาย ประทีป ตั้งมติธรรม,4,198423798,1.98,2026-06-05T00:00:00+07:00,XM,https://www.set.or.th/th/market/product/stock/quote/BANPU/major-shareholders,BANPU - บริษัท บ้านปู จำกัด (มหาชน)
BANPU,บริษัท บ้านปู จำกัด (มหาชน),บริษัท ทุนมิตรสยาม จำกัด,5,172906811,1.73,2026-06-05T00:00:00+07:00,XM,https://www.set.or.th/th/market/product/stock/quote/BANPU/major-shareholders,BANPU - บริษัท บ้านปู จำกัด (มหาชน)
BBL,ธนาคารกรุงเทพ จำกัด (มหาชน),บริษัท ไทยเอ็นวีดีอาร์ จำกัด,1,446289133,23.38,2026-04-23T00:00:00+07:00,XD,https://www.set.or.th/th/market/product/stock/quote/BBL/major-shareholders,BBL - ธนาคารกรุงเทพ จำกัด (มหาชน)
BBL,ธนาคารกรุงเทพ จำกัด (มหาชน),บริษัท ซิตี้เรียลตี้ จำกัด,2,89645900,4.7,2026-04-23T00:00:00+07:00,XD,https://www.set.or.th/th/market/product/stock/quote/BBL/major-shareholders,BBL - ธนาคารกรุงเทพ จำกัด (มหาชน)
BBL,ธนาคารกรุงเทพ จำกัด (มหาชน),สำนักงานประกันสังคม,3,76353394,4.0,2026-04-23T00:00:00+07:00,XD,https://www.set.or.th/th/market/product/stock/quote/BBL/major-shareholders,BBL - ธนาคารกรุงเทพ จำกัด (มหาชน)
BBL,ธนาคารกรุงเทพ จำกัด (มหาชน),STATE STREET EUROPE LIMITED,4,52133499,2.73,2026-04-23T00:00:00+07:00,XD,https://www.set.or.th/th/market/product/stock/quote/BBL/major-shareholders,BBL - ธนาคารกรุงเทพ จำกัด (มหาชน)
BBL,ธนาคารกรุงเทพ จำกัด (มหาชน),STATE STREET BANK AND TRUST COMPANY,5,47874374,2.51,2026-04-23T00:00:00+07:00,XD,https://www.set.or.th/th/market/product/stock/quote/BBL/major-shareholders,BBL - ธนาคารกรุงเทพ จำกัด (มหาชน)
BDMS,บริษัท กรุงเทพดุสิตเวชการ จำกัด(มหาชน),บริษัท ไทยเอ็นวีดีอาร์ จำกัด,1,1540861735,9.7,2026-03-11T00:00:00+07:00,XM,https://www.set.or.th/th/market/product/stock/quote/BDMS/major-shareholders,BDMS - บริษัท กรุงเทพดุสิตเวชการ จำกัด(มหาชน)
BDMS,บริษัท กรุงเทพดุสิตเวชการ จำกัด(มหาชน),นาย ปราเสริฐ ปราสาททองโอสถ,2,1458941440,9.18,2026-03-11T00:00:00+07:00,XM,https://www.set.or.th/th/market/product/stock/quote/BDMS/major-shareholders,BDMS - บริษัท กรุงเทพดุสิตเวชการ จำกัด(มหาชน)
BDMS,บริษัท กรุงเทพดุสิตเวชการ จำกัด(มหาชน),น.ส. ปรมาภรณ์ ปราสาททองโอสถ,3,939537410,5.91,2026-03-11T00:00:00+07:00,XM,https://www.set.or.th/th/market/product/stock/quote/BDMS/major-shareholders,BDMS - บริษัท กรุงเทพดุสิตเวชการ จำกัด(มหาชน)
BDMS,บริษัท กรุงเทพดุสิตเวชการ จำกัด(มหาชน),บริษัท วิริยะประกันภัย จำกัด (มหาชน),4,678201330,4.27,2026-03-11T00:00:00+07:00,XM,https://www.set.or.th/th/market/product/stock/quote/BDMS/major-shareholders,BDMS - บริษัท กรุงเทพดุสิตเวชการ จำกัด(มหาชน)
BDMS,บริษัท กรุงเทพดุสิตเวชการ จำกัด(มหาชน),SOUTH EAST ASIA UK (TYPE C) NOMINEES LIMITED,5,601019734,3.78,2026-03-11T00:00:00+07:00,XM,https://www.set.or.th/th/market/product/stock/quote/BDMS/major-shareholders,BDMS - บริษัท กรุงเทพดุสิตเวชการ จำกัด(มหาชน)
BEM,บริษัท ทางด่วนและรถไฟฟ้ากรุงเทพ จำกัด (มหาชน),บริษัท ช.การช่าง จำกัด (มหาชน),1,6459449984,42.26,2026-03-11T00:00:00+07:00,XM,https://www.set.or.th/th/market/product/stock/quote/BEM/major-shareholders,BEM - บริษัท ทางด่วนและรถไฟฟ้ากรุงเทพ จำกัด (มหาชน)
BEM,บริษัท ทางด่วนและรถไฟฟ้ากรุงเทพ จำกัด (มหาชน),การรถไฟฟ้าขนส่งมวลชนแห่งประเทศไทย,2,1256259584,8.22,2026-03-11T00:00:00+07:00,XM,https://www.set.or.th/th/market/product/stock/quote/BEM/major-shareholders,BEM - บริษัท ทางด่วนและรถไฟฟ้ากรุงเทพ จำกัด (มหาชน)
BEM,บริษัท ทางด่วนและรถไฟฟ้ากรุงเทพ จำกัด (มหาชน),ธนาคาร กรุงไทย จำกัด (มหาชน),3,815356075,5.33,2026-03-11T00:00:00+07:00,XM,https://www.set.or.th/th/market/product/stock/quote/BEM/major-shareholders,BEM - บริษัท ทางด่วนและรถไฟฟ้ากรุงเทพ จำกัด (มหาชน)
BEM,บริษัท ทางด่วนและรถไฟฟ้ากรุงเทพ จำกัด (มหาชน),บริษัท ไทยเอ็นวีดีอาร์ จำกัด,4,483077555,3.16,2026-03-11T00:00:00+07:00,XM,https://www.set.or.th/th/market/product/stock/quote/BEM/major-shareholders,BEM - บริษัท ทางด่วนและรถไฟฟ้ากรุงเทพ จำกัด (มหาชน)
BEM,บริษัท ทางด่วนและรถไฟฟ้ากรุงเทพ จำกัด (มหาชน),สำนักงานประกันสังคม,5,465669067,3.05,2026-03-11T00:00:00+07:00,XM,https://www.set.or.th/th/market/product/stock/quote/BEM/major-shareholders,BEM - บริษัท ทางด่วนและรถไฟฟ้ากรุงเทพ จำกัด (มหาชน)
BH,บริษัท โรงพยาบาลบำรุงราษฎร์ จำกัด (มหาชน),บริษัท ไทยเอ็นวีดีอาร์ จำกัด,1,84492505,10.63,2026-03-18T00:00:00+07:00,XM,https://www.set.or.th/th/market/product/stock/quote/BH/major-shareholders,BH - บริษัท โรงพยาบาลบำรุงราษฎร์ จำกัด (มหาชน)
BH,บริษัท โรงพยาบาลบำรุงราษฎร์ จำกัด (มหาชน),บริษัท กรุงเทพประกันภัย จำกัด (มหาชน),2,79149817,9.96,2026-03-18T00:00:00+07:00,XM,https://www.set.or.th/th/market/product/stock/quote/BH/major-shareholders,BH - บริษัท โรงพยาบาลบำรุงราษฎร์ จำกัด (มหาชน)
BH,บริษัท โรงพยาบาลบำรุงราษฎร์ จำกัด (มหาชน),UOB KAY HIAN (HONG KONG) LIMITED - Client Account,3,61886905,7.78,2026-03-18T00:00:00+07:00,XM,https://www.set.or.th/th/market/product/stock/quote/BH/major-shareholders,BH - บริษัท โรงพยาบาลบำรุงราษฎร์ จำกัด (มหาชน)
BH,บริษัท โรงพยาบาลบำรุงราษฎร์ จำกัด (มหาชน),ธนาคาร กรุงเทพ จำกัด (มหาชน),4,53243344,6.7,2026-03-18T00:00:00+07:00,XM,https://www.set.or.th/th/market/product/stock/quote/BH/major-shareholders,BH - บริษัท โรงพยาบาลบำรุงราษฎร์ จำกัด (มหาชน)
BH,บริษัท โรงพยาบาลบำรุงราษฎร์ จำกัด (มหาชน),SOUTH EAST ASIA UK (TYPE C) NOMINEES LIMITED,5,28291113,3.56,2026-03-18T00:00:00+07:00,XM,https://www.set.or.th/th/market/product/stock/quote/BH/major-shareholders,BH - บริษัท โรงพยาบาลบำรุงราษฎร์ จำกัด (มหาชน)
BJC,บริษัท เบอร์ลี่ ยุคเกอร์ จำกัด (มหาชน),บริษัท ทีซีซี คอร์ปอเรชั่น จำกัด,1,1830730550,45.68,2026-04-30T00:00:00+07:00,XD,https://www.set.or.th/th/market/product/stock/quote/BJC/major-shareholders,BJC - บริษัท เบอร์ลี่ ยุคเกอร์ จำกัด (มหาชน)
BJC,บริษัท เบอร์ลี่ ยุคเกอร์ จำกัด (มหาชน),บริษัท ทีซีซี โฮลดิ้งส์ (2519) จำกัด,2,1175089800,29.32,2026-04-30T00:00:00+07:00,XD,https://www.set.or.th/th/market/product/stock/quote/BJC/major-shareholders,BJC - บริษัท เบอร์ลี่ ยุคเกอร์ จำกัด (มหาชน)
BJC,บริษัท เบอร์ลี่ ยุคเกอร์ จำกัด (มหาชน),สำนักงานประกันสังคม,3,164191200,4.1,2026-04-30T00:00:00+07:00,XD,https://www.set.or.th/th/market/product/stock/quote/BJC/major-shareholders,BJC - บริษัท เบอร์ลี่ ยุคเกอร์ จำกัด (มหาชน)
BJC,บริษัท เบอร์ลี่ ยุคเกอร์ จำกัด (มหาชน),RAFFLES NOMINEES (PTE) LIMITED,4,157094900,3.92,2026-04-30T00:00:00+07:00,XD,https://www.set.or.th/th/market/product/stock/quote/BJC/major-shareholders,BJC - บริษัท เบอร์ลี่ ยุคเกอร์ จำกัด (มหาชน)
BJC,บริษัท เบอร์ลี่ ยุคเกอร์ จำกัด (มหาชน),THE BANK OF NEW YORK (NOMINEES) LIMITED,5,103375800,2.58,2026-04-30T00:00:00+07:00,XD,https://www.set.or.th/th/market/product/stock/quote/BJC/major-shareholders,BJC - บริษัท เบอร์ลี่ ยุคเกอร์ จำกัด (มหาชน)
BTS,บริษัท บีทีเอส กรุ๊ป โฮลดิ้งส์ จำกัด (มหาชน),นาย คีรี กาญจนพาสน์,1,5107061418,31.73,2025-06-19T00:00:00+07:00,XM,https://www.set.or.th/th/market/product/stock/quote/BTS/major-shareholders,BTS - บริษัท บีทีเอส กรุ๊ป โฮลดิ้งส์ จำกัด (มหาชน)
BTS,บริษัท บีทีเอส กรุ๊ป โฮลดิ้งส์ จำกัด (มหาชน),นาย กวิน กาญจนพาสน์,2,1797135829,11.17,2025-06-19T00:00:00+07:00,XM,https://www.set.or.th/th/market/product/stock/quote/BTS/major-shareholders,BTS - บริษัท บีทีเอส กรุ๊ป โฮลดิ้งส์ จำกัด (มหาชน)
BTS,บริษัท บีทีเอส กรุ๊ป โฮลดิ้งส์ จำกัด (มหาชน),บริษัท ไทยเอ็นวีดีอาร์ จำกัด,3,885248667,5.5,2025-06-19T00:00:00+07:00,XM,https://www.set.or.th/th/market/product/stock/quote/BTS/major-shareholders,BTS - บริษัท บีทีเอส กรุ๊ป โฮลดิ้งส์ จำกัด (มหาชน)
BTS,บริษัท บีทีเอส กรุ๊ป โฮลดิ้งส์ จำกัด (มหาชน),ธนาคาร กรุงเทพ จำกัด (มหาชน),4,721528129,4.48,2025-06-19T00:00:00+07:00,XM,https://www.set.or.th/th/market/product/stock/quote/BTS/major-shareholders,BTS - บริษัท บีทีเอส กรุ๊ป โฮลดิ้งส์ จำกัด (มหาชน)
BTS,บริษัท บีทีเอส กรุ๊ป โฮลดิ้งส์ จำกัด (มหาชน),CITIBANK NOMINEES SINGAPORE PTE LTD-A/C GIC C,5,513958000,3.19,2025-06-19T00:00:00+07:00,XM,https://www.set.or.th/th/market/product/stock/quote/BTS/major-shareholders,BTS - บริษัท บีทีเอส กรุ๊ป โฮลดิ้งส์ จำกัด (มหาชน)
CBG,บริษัท คาราบาวกรุ๊ป จำกัด (มหาชน),บริษัท เสถียรธรรมโฮลดิ้ง จำกัด,1,250064500,25.01,2026-03-06T00:00:00+07:00,XM,https://www.set.or.th/th/market/product/stock/quote/CBG/major-shareholders,CBG - บริษัท คาราบาวกรุ๊ป จำกัด (มหาชน)
CBG,บริษัท คาราบาวกรุ๊ป จำกัด (มหาชน),น.ส. ณัฐชไม ถนอมบูรณ์เจริญ,2,210000000,21.0,2026-03-06T00:00:00+07:00,XM,https://www.set.or.th/th/market/product/stock/quote/CBG/major-shareholders,CBG - บริษัท คาราบาวกรุ๊ป จำกัด (มหาชน)
CBG,บริษัท คาราบาวกรุ๊ป จำกัด (มหาชน),นาย ยืนยง โอภากุล,3,70480000,7.05,2026-03-06T00:00:00+07:00,XM,https://www.set.or.th/th/market/product/stock/quote/CBG/major-shareholders,CBG - บริษัท คาราบาวกรุ๊ป จำกัด (มหาชน)
CBG,บริษัท คาราบาวกรุ๊ป จำกัด (มหาชน),UBS AG SINGAPORE BRANCH - FOR CLIENTS' ACCOUNTS,4,45854499,4.59,2026-03-06T00:00:00+07:00,XM,https://www.set.or.th/th/market/product/stock/quote/CBG/major-shareholders,CBG - บริษัท คาราบาวกรุ๊ป จำกัด (มหาชน)
CBG,บริษัท คาราบาวกรุ๊ป จำกัด (มหาชน),บริษัท ไทยเอ็นวีดีอาร์ จำกัด,5,31555871,3.16,2026-03-06T00:00:00+07:00,XM,https://www.set.or.th/th/market/product/stock/quote/CBG/major-shareholders,CBG - บริษัท คาราบาวกรุ๊ป จำกัด (มหาชน)
CCET,บริษัท แคล-คอมพ์ อีเล็คโทรนิคส์ (ประเทศไทย) จำกัด (มหาชน),KINPO ELECTRONICS. INC.,1,5223956415,49.99,2026-03-20T00:00:00+07:00,XM,https://www.set.or.th/th/market/product/stock/quote/CCET/major-shareholders,CCET - บริษัท แคล-คอมพ์ อีเล็คโทรนิคส์ (ประเทศไทย) จำกัด (มหาชน)
CCET,บริษัท แคล-คอมพ์ อีเล็คโทรนิคส์ (ประเทศไทย) จำกัด (มหาชน),FAR EASTERN INTERNATIONAL BANK,2,1655366936,15.84,2026-03-20T00:00:00+07:00,XM,https://www.set.or.th/th/market/product/stock/quote/CCET/major-shareholders,CCET - บริษัท แคล-คอมพ์ อีเล็คโทรนิคส์ (ประเทศไทย) จำกัด (มหาชน)
CCET,บริษัท แคล-คอมพ์ อีเล็คโทรนิคส์ (ประเทศไทย) จำกัด (มหาชน),KGI ASIA LIMITED,3,1577667766,15.1,2026-03-20T00:00:00+07:00,XM,https://www.set.or.th/th/market/product/stock/quote/CCET/major-shareholders,CCET - บริษัท แคล-คอมพ์ อีเล็คโทรนิคส์ (ประเทศไทย) จำกัด (มหาชน)
CCET,บริษัท แคล-คอมพ์ อีเล็คโทรนิคส์ (ประเทศไทย) จำกัด (มหาชน),นาย วิทิต พงศ์พิโรดม,4,244250200,2.34,2026-03-20T00:00:00+07:00,XM,https://www.set.or.th/th/market/product/stock/quote/CCET/major-shareholders,CCET - บริษัท แคล-คอมพ์ อีเล็คโทรนิคส์ (ประเทศไทย) จำกัด (มหาชน)
CCET,บริษัท แคล-คอมพ์ อีเล็คโทรนิคส์ (ประเทศไทย) จำกัด (มหาชน),บริษัท ไทยเอ็นวีดีอาร์ จำกัด,5,169441810,1.62,2026-03-20T00:00:00+07:00,XM,https://www.set.or.th/th/market/product/stock/quote/CCET/major-shareholders,CCET - บริษัท แคล-คอมพ์ อีเล็คโทรนิคส์ (ประเทศไทย) จำกัด (มหาชน)
CENTEL,บริษัท โรงแรมเซ็นทรัลพลาซา จำกัด (มหาชน),บริษัท เตียง จิราธิวัฒน์ จำกัด,1,67523190,5.0,2026-05-07T00:00:00+07:00,XD,https://www.set.or.th/th/market/product/stock/quote/CENTEL/major-shareholders,CENTEL - บริษัท โรงแรมเซ็นทรัลพลาซา จำกัด (มหาชน)
CENTEL,บริษัท โรงแรมเซ็นทรัลพลาซา จำกัด (มหาชน),UBS AG SINGAPORE BRANCH - FOR CLIENTS' ACCOUNTS,2,51225613,3.79,2026-05-07T00:00:00+07:00,XD,https://www.set.or.th/th/market/product/stock/quote/CENTEL/major-shareholders,CENTEL - บริษัท โรงแรมเซ็นทรัลพลาซา จำกัด (มหาชน)
CENTEL,บริษัท โรงแรมเซ็นทรัลพลาซา จำกัด (มหาชน),นาย นิติ โอสถานุเคราะห์,3,41314611,3.06,2026-05-07T00:00:00+07:00,XD,https://www.set.or.th/th/market/product/stock/quote/CENTEL/major-shareholders,CENTEL - บริษัท โรงแรมเซ็นทรัลพลาซา จำกัด (มหาชน)
CENTEL,บริษัท โรงแรมเซ็นทรัลพลาซา จำกัด (มหาชน),บริษัท ไทยเอ็นวีดีอาร์ จำกัด,4,34637578,2.57,2026-05-07T00:00:00+07:00,XD,https://www.set.or.th/th/market/product/stock/quote/CENTEL/major-shareholders,CENTEL - บริษัท โรงแรมเซ็นทรัลพลาซา จำกัด (มหาชน)
CENTEL,บริษัท โรงแรมเซ็นทรัลพลาซา จำกัด (มหาชน),นาย สุทธิเกียรติ จิราธิวัฒน์,5,31170141,2.31,2026-05-07T00:00:00+07:00,XD,https://www.set.or.th/th/market/product/stock/quote/CENTEL/major-shareholders,CENTEL - บริษัท โรงแรมเซ็นทรัลพลาซา จำกัด (มหาชน)
COM7,บริษัท คอมเซเว่น จำกัด (มหาชน),นาย สุระ คณิตทวีกุล,1,601310600,25.18,2026-03-11T00:00:00+07:00,XM,https://www.set.or.th/th/market/product/stock/quote/COM7/major-shareholders,COM7 - บริษัท คอมเซเว่น จำกัด (มหาชน)
COM7,บริษัท คอมเซเว่น จำกัด (มหาชน),นาย พงศ์ศักดิ์ ธรรมธัชอารี,2,476267000,19.95,2026-03-11T00:00:00+07:00,XM,https://www.set.or.th/th/market/product/stock/quote/COM7/major-shareholders,COM7 - บริษัท คอมเซเว่น จำกัด (มหาชน)
COM7,บริษัท คอมเซเว่น จำกัด (มหาชน),บริษัท ไทยเอ็นวีดีอาร์ จำกัด,3,219675829,9.2,2026-03-11T00:00:00+07:00,XM,https://www.set.or.th/th/market/product/stock/quote/COM7/major-shareholders,COM7 - บริษัท คอมเซเว่น จำกัด (มหาชน)
COM7,บริษัท คอมเซเว่น จำกัด (มหาชน),THE BANK OF NEW YORK MELLON,4,103980300,4.35,2026-03-11T00:00:00+07:00,XM,https://www.set.or.th/th/market/product/stock/quote/COM7/major-shareholders,COM7 - บริษัท คอมเซเว่น จำกัด (มหาชน)
COM7,บริษัท คอมเซเว่น จำกัด (มหาชน),น.ส. อารี ปรีชานุกูล,5,71200000,2.98,2026-03-11T00:00:00+07:00,XM,https://www.set.or.th/th/market/product/stock/quote/COM7/major-shareholders,COM7 - บริษัท คอมเซเว่น จำกัด (มหาชน)
CPALL,บริษัท ซีพี ออลล์ จำกัด (มหาชน),บริษัท ซี.พี.เมอร์แชนไดซิ่ง จำกัด,1,2732242300,30.42,2026-05-05T00:00:00+07:00,XM,https://www.set.or.th/th/market/product/stock/quote/CPALL/major-shareholders,CPALL - บริษัท ซีพี ออลล์ จำกัด (มหาชน)
CPALL,บริษัท ซีพี ออลล์ จำกัด (มหาชน),บริษัท ไทยเอ็นวีดีอาร์ จำกัด,2,868945745,9.67,2026-05-05T00:00:00+07:00,XM,https://www.set.or.th/th/market/product/stock/quote/CPALL/major-shareholders,CPALL - บริษัท ซีพี ออลล์ จำกัด (มหาชน)
CPALL,บริษัท ซีพี ออลล์ จำกัด (มหาชน),SOUTH EAST ASIA UK (TYPE C) NOMINEES LIMITED,3,322463415,3.59,2026-05-05T00:00:00+07:00,XM,https://www.set.or.th/th/market/product/stock/quote/CPALL/major-shareholders,CPALL - บริษัท ซีพี ออลล์ จำกัด (มหาชน)
CPALL,บริษัท ซีพี ออลล์ จำกัด (มหาชน),สำนักงานประกันสังคม,4,308040067,3.43,2026-05-05T00:00:00+07:00,XM,https://www.set.or.th/th/market/product/stock/quote/CPALL/major-shareholders,CPALL - บริษัท ซีพี ออลล์ จำกัด (มหาชน)
CPALL,บริษัท ซีพี ออลล์ จำกัด (มหาชน),กองทุนรวม วายุภักษ์หนึ่ง,5,288362600,3.21,2026-05-05T00:00:00+07:00,XM,https://www.set.or.th/th/market/product/stock/quote/CPALL/major-shareholders,CPALL - บริษัท ซีพี ออลล์ จำกัด (มหาชน)
CPF,บริษัท เจริญโภคภัณฑ์อาหาร จำกัด (มหาชน),บริษัท เครือเจริญโภคภัณฑ์ จำกัด,1,2105464925,25.04,2026-05-06T00:00:00+07:00,XD,https://www.set.or.th/th/market/product/stock/quote/CPF/major-shareholders,CPF - บริษัท เจริญโภคภัณฑ์อาหาร จำกัด (มหาชน)
CPF,บริษัท เจริญโภคภัณฑ์อาหาร จำกัด (มหาชน),บริษัท ไทยเอ็นวีดีอาร์ จำกัด,2,867792045,10.32,2026-05-06T00:00:00+07:00,XD,https://www.set.or.th/th/market/product/stock/quote/CPF/major-shareholders,CPF - บริษัท เจริญโภคภัณฑ์อาหาร จำกัด (มหาชน)
CPF,บริษัท เจริญโภคภัณฑ์อาหาร จำกัด (มหาชน),UBS AG LONDON BRANCH,3,772298991,9.19,2026-05-06T00:00:00+07:00,XD,https://www.set.or.th/th/market/product/stock/quote/CPF/major-shareholders,CPF - บริษัท เจริญโภคภัณฑ์อาหาร จำกัด (มหาชน)
CPF,บริษัท เจริญโภคภัณฑ์อาหาร จำกัด (มหาชน),บริษัท เจริญโภคภัณฑ์โฮลดิ้ง จำกัด,4,743660460,8.85,2026-05-06T00:00:00+07:00,XD,https://www.set.or.th/th/market/product/stock/quote/CPF/major-shareholders,CPF - บริษัท เจริญโภคภัณฑ์อาหาร จำกัด (มหาชน)
CPF,บริษัท เจริญโภคภัณฑ์อาหาร จำกัด (มหาชน),บริษัท เจริญโภคภัณฑ์อาหาร จำกัด (มหาชน),5,247584500,2.94,2026-05-06T00:00:00+07:00,XD,https://www.set.or.th/th/market/product/stock/quote/CPF/major-shareholders,CPF - บริษัท เจริญโภคภัณฑ์อาหาร จำกัด (มหาชน)
CPN,บริษัท เซ็นทรัลพัฒนา จำกัด (มหาชน),บริษัท เซ็นทรัลโฮลดิ้ง จำกัด,1,1176343960,26.21,2026-03-10T00:00:00+07:00,XM,https://www.set.or.th/th/market/product/stock/quote/CPN/major-shareholders,CPN - บริษัท เซ็นทรัลพัฒนา จำกัด (มหาชน)
CPN,บริษัท เซ็นทรัลพัฒนา จำกัด (มหาชน),บริษัท ไทยเอ็นวีดีอาร์ จำกัด,2,308440483,6.87,2026-03-10T00:00:00+07:00,XM,https://www.set.or.th/th/market/product/stock/quote/CPN/major-shareholders,CPN - บริษัท เซ็นทรัลพัฒนา จำกัด (มหาชน)
CPN,บริษัท เซ็นทรัลพัฒนา จำกัด (มหาชน),กองทุนรวม วายุภักษ์หนึ่ง,3,156838600,3.49,2026-03-10T00:00:00+07:00,XM,https://www.set.or.th/th/market/product/stock/quote/CPN/major-shareholders,CPN - บริษัท เซ็นทรัลพัฒนา จำกัด (มหาชน)
CPN,บริษัท เซ็นทรัลพัฒนา จำกัด (มหาชน),สำนักงานประกันสังคม,4,149387729,3.33,2026-03-10T00:00:00+07:00,XM,https://www.set.or.th/th/market/product/stock/quote/CPN/major-shareholders,CPN - บริษัท เซ็นทรัลพัฒนา จำกัด (มหาชน)
CPN,บริษัท เซ็นทรัลพัฒนา จำกัด (มหาชน),นาย นิติ โอสถานุเคราะห์,5,107320000,2.39,2026-03-10T00:00:00+07:00,XM,https://www.set.or.th/th/market/product/stock/quote/CPN/major-shareholders,CPN - บริษัท เซ็นทรัลพัฒนา จำกัด (มหาชน)
CRC,บริษัท เซ็นทรัล รีเทล คอร์ปอเรชั่น จำกัด (มหาชน),บริษัท ห้างเซ็นทรัล ดีพาทเมนท์สโตร์ จำกัด,1,2114284890,35.06,2026-04-22T00:00:00+07:00,XD,https://www.set.or.th/th/market/product/stock/quote/CRC/major-shareholders,CRC - บริษัท เซ็นทรัล รีเทล คอร์ปอเรชั่น จำกัด (มหาชน)
CRC,บริษัท เซ็นทรัล รีเทล คอร์ปอเรชั่น จำกัด (มหาชน),Deutsche Bank AG Singapore PWM,2,277963444,4.61,2026-04-22T00:00:00+07:00,XD,https://www.set.or.th/th/market/product/stock/quote/CRC/major-shareholders,CRC - บริษัท เซ็นทรัล รีเทล คอร์ปอเรชั่น จำกัด (มหาชน)
CRC,บริษัท เซ็นทรัล รีเทล คอร์ปอเรชั่น จำกัด (มหาชน),สำนักงานประกันสังคม,3,198024966,3.28,2026-04-22T00:00:00+07:00,XD,https://www.set.or.th/th/market/product/stock/quote/CRC/major-shareholders,CRC - บริษัท เซ็นทรัล รีเทล คอร์ปอเรชั่น จำกัด (มหาชน)
CRC,บริษัท เซ็นทรัล รีเทล คอร์ปอเรชั่น จำกัด (มหาชน),กองทุนรวม วายุภักษ์หนึ่ง,4,167165900,2.77,2026-04-22T00:00:00+07:00,XD,https://www.set.or.th/th/market/product/stock/quote/CRC/major-shareholders,CRC - บริษัท เซ็นทรัล รีเทล คอร์ปอเรชั่น จำกัด (มหาชน)
CRC,บริษัท เซ็นทรัล รีเทล คอร์ปอเรชั่น จำกัด (มหาชน),บริษัท ไทยเอ็นวีดีอาร์ จำกัด,5,105063858,1.74,2026-04-22T00:00:00+07:00,XD,https://www.set.or.th/th/market/product/stock/quote/CRC/major-shareholders,CRC - บริษัท เซ็นทรัล รีเทล คอร์ปอเรชั่น จำกัด (มหาชน)
DELTA,บริษัทเดลต้า อีเลคโทรนิคส์ (ประเทศไทย) จำกัด (มหาชน),DELTA ELECTRONICS INT'L (SINGAPORE) PTE. LTD.,1,5344793060,42.85,2026-02-27T00:00:00+07:00,XM,https://www.set.or.th/th/market/product/stock/quote/DELTA/major-shareholders,DELTA - บริษัทเดลต้า อีเลคโทรนิคส์ (ประเทศไทย) จำกัด (มหาชน)
DELTA,บริษัทเดลต้า อีเลคโทรนิคส์ (ประเทศไทย) จำกัด (มหาชน),CITI (NOMINEES) LIMITED-CBHK-PBGSG-RESTRICTED SHARES,2,1728454200,13.86,2026-02-27T00:00:00+07:00,XM,https://www.set.or.th/th/market/product/stock/quote/DELTA/major-shareholders,DELTA - บริษัทเดลต้า อีเลคโทรนิคส์ (ประเทศไทย) จำกัด (มหาชน)
DELTA,บริษัทเดลต้า อีเลคโทรนิคส์ (ประเทศไทย) จำกัด (มหาชน),DELTA INTERNATIONAL HOLDING LIMITED B.V.,3,1585260021,12.71,2026-02-27T00:00:00+07:00,XM,https://www.set.or.th/th/market/product/stock/quote/DELTA/major-shareholders,DELTA - บริษัทเดลต้า อีเลคโทรนิคส์ (ประเทศไทย) จำกัด (มหาชน)
DELTA,บริษัทเดลต้า อีเลคโทรนิคส์ (ประเทศไทย) จำกัด (มหาชน),DELTA ELECTRONICS INC.,4,691281400,5.54,2026-02-27T00:00:00+07:00,XM,https://www.set.or.th/th/market/product/stock/quote/DELTA/major-shareholders,DELTA - บริษัทเดลต้า อีเลคโทรนิคส์ (ประเทศไทย) จำกัด (มหาชน)
DELTA,บริษัทเดลต้า อีเลคโทรนิคส์ (ประเทศไทย) จำกัด (มหาชน),UBS AG HONG KONG BRANCH - FOR CLIENTS' ACCOUNTS,5,546350000,4.38,2026-02-27T00:00:00+07:00,XM,https://www.set.or.th/th/market/product/stock/quote/DELTA/major-shareholders,DELTA - บริษัทเดลต้า อีเลคโทรนิคส์ (ประเทศไทย) จำกัด (มหาชน)
EGCO,บริษัท ผลิตไฟฟ้า จำกัด (มหาชน),การไฟฟ้าฝ่ายผลิตแห่งประเทศไทย,1,133773662,25.41,2026-03-16T00:00:00+07:00,XM,https://www.set.or.th/th/market/product/stock/quote/EGCO/major-shareholders,EGCO - บริษัท ผลิตไฟฟ้า จำกัด (มหาชน)
EGCO,บริษัท ผลิตไฟฟ้า จำกัด (มหาชน),TEPDIA Generating B.V.,2,118023606,22.42,2026-03-16T00:00:00+07:00,XM,https://www.set.or.th/th/market/product/stock/quote/EGCO/major-shareholders,EGCO - บริษัท ผลิตไฟฟ้า จำกัด (มหาชน)
EGCO,บริษัท ผลิตไฟฟ้า จำกัด (มหาชน),สหกรณ์ ออมทรัพย์การไฟฟ้าฝ่ายผลิตแห่งประเทศไทย จำกัด,3,33334500,6.33,2026-03-16T00:00:00+07:00,XM,https://www.set.or.th/th/market/product/stock/quote/EGCO/major-shareholders,EGCO - บริษัท ผลิตไฟฟ้า จำกัด (มหาชน)
EGCO,บริษัท ผลิตไฟฟ้า จำกัด (มหาชน),บริษัท ไทยเอ็นวีดีอาร์ จำกัด,4,26752144,5.08,2026-03-16T00:00:00+07:00,XM,https://www.set.or.th/th/market/product/stock/quote/EGCO/major-shareholders,EGCO - บริษัท ผลิตไฟฟ้า จำกัด (มหาชน)
EGCO,บริษัท ผลิตไฟฟ้า จำกัด (มหาชน),สำนักงานประกันสังคม,5,24128600,4.58,2026-03-16T00:00:00+07:00,XM,https://www.set.or.th/th/market/product/stock/quote/EGCO/major-shareholders,EGCO - บริษัท ผลิตไฟฟ้า จำกัด (มหาชน)
GPSC,บริษัท โกลบอล เพาเวอร์ ซินเนอร์ยี่ จำกัด (มหาชน),บริษัท ปตท. จำกัด (มหาชน),1,1332955135,47.27,2026-02-26T00:00:00+07:00,XM,https://www.set.or.th/th/market/product/stock/quote/GPSC/major-shareholders,GPSC - บริษัท โกลบอล เพาเวอร์ ซินเนอร์ยี่ จำกัด (มหาชน)
GPSC,บริษัท โกลบอล เพาเวอร์ ซินเนอร์ยี่ จำกัด (มหาชน),บริษัท พีทีที โกลบอล เคมิคอล จำกัด (มหาชน),2,281972937,10.0,2026-02-26T00:00:00+07:00,XM,https://www.set.or.th/th/market/product/stock/quote/GPSC/major-shareholders,GPSC - บริษัท โกลบอล เพาเวอร์ ซินเนอร์ยี่ จำกัด (มหาชน)
GPSC,บริษัท โกลบอล เพาเวอร์ ซินเนอร์ยี่ จำกัด (มหาชน),บริษัท ไทยออยล์ จำกัด (มหาชน),3,281972937,10.0,2026-02-26T00:00:00+07:00,XM,https://www.set.or.th/th/market/product/stock/quote/GPSC/major-shareholders,GPSC - บริษัท โกลบอล เพาเวอร์ ซินเนอร์ยี่ จำกัด (มหาชน)
GPSC,บริษัท โกลบอล เพาเวอร์ ซินเนอร์ยี่ จำกัด (มหาชน),บริษัท สยาม แมนเนจเม้นท์ โฮลดิ้ง จำกัด,4,224431735,7.96,2026-02-26T00:00:00+07:00,XM,https://www.set.or.th/th/market/product/stock/quote/GPSC/major-shareholders,GPSC - บริษัท โกลบอล เพาเวอร์ ซินเนอร์ยี่ จำกัด (มหาชน)
GPSC,บริษัท โกลบอล เพาเวอร์ ซินเนอร์ยี่ จำกัด (มหาชน),กองทุนรวม วายุภักษ์หนึ่ง,5,81523800,2.89,2026-02-26T00:00:00+07:00,XM,https://www.set.or.th/th/market/product/stock/quote/GPSC/major-shareholders,GPSC - บริษัท โกลบอล เพาเวอร์ ซินเนอร์ยี่ จำกัด (มหาชน)
GULF,บริษัท กัลฟ์ ดีเวลลอปเมนท์ จำกัด (มหาชน),นาย สารัชถ์ รัตนาวะดี,1,4374904693,29.28,2026-03-04T00:00:00+07:00,XM,https://www.set.or.th/th/market/product/stock/quote/GULF/major-shareholders,GULF - บริษัท กัลฟ์ ดีเวลลอปเมนท์ จำกัด (มหาชน)
GULF,บริษัท กัลฟ์ ดีเวลลอปเมนท์ จำกัด (มหาชน),UBS AG SINGAPORE BRANCH - FOR CLIENTS' ACCOUNTS,2,1511839012,10.12,2026-03-04T00:00:00+07:00,XM,https://www.set.or.th/th/market/product/stock/quote/GULF/major-shareholders,GULF - บริษัท กัลฟ์ ดีเวลลอปเมนท์ จำกัด (มหาชน)
GULF,บริษัท กัลฟ์ ดีเวลลอปเมนท์ จำกัด (มหาชน),GULF CAPITAL HOLDINGS LIMITED,3,1194942592,8.0,2026-03-04T00:00:00+07:00,XM,https://www.set.or.th/th/market/product/stock/quote/GULF/major-shareholders,GULF - บริษัท กัลฟ์ ดีเวลลอปเมนท์ จำกัด (มหาชน)
GULF,บริษัท กัลฟ์ ดีเวลลอปเมนท์ จำกัด (มหาชน),SINGTEL GLOBAL INVESTMENT PTE. LTD.,4,1155441235,7.73,2026-03-04T00:00:00+07:00,XM,https://www.set.or.th/th/market/product/stock/quote/GULF/major-shareholders,GULF - บริษัท กัลฟ์ ดีเวลลอปเมนท์ จำกัด (มหาชน)
GULF,บริษัท กัลฟ์ ดีเวลลอปเมนท์ จำกัด (มหาชน),บริษัท ไทยเอ็นวีดีอาร์ จำกัด,5,641207905,4.29,2026-03-04T00:00:00+07:00,XM,https://www.set.or.th/th/market/product/stock/quote/GULF/major-shareholders,GULF - บริษัท กัลฟ์ ดีเวลลอปเมนท์ จำกัด (มหาชน)
HMPRO,บริษัท โฮม โปรดักส์ เซ็นเตอร์ จำกัด (มหาชน),บริษัท แลนด์ แอนด์ เฮ้าส์ จำกัด (มหาชน),1,3975878432,30.23,2026-04-23T00:00:00+07:00,XD,https://www.set.or.th/th/market/product/stock/quote/HMPRO/major-shareholders,HMPRO - บริษัท โฮม โปรดักส์ เซ็นเตอร์ จำกัด (มหาชน)
HMPRO,บริษัท โฮม โปรดักส์ เซ็นเตอร์ จำกัด (มหาชน),บริษัท ควอลิตี้เฮ้าส์ จำกัด (มหาชน),2,2613023098,19.87,2026-04-23T00:00:00+07:00,XD,https://www.set.or.th/th/market/product/stock/quote/HMPRO/major-shareholders,HMPRO - บริษัท โฮม โปรดักส์ เซ็นเตอร์ จำกัด (มหาชน)
HMPRO,บริษัท โฮม โปรดักส์ เซ็นเตอร์ จำกัด (มหาชน),นาย นิติ โอสถานุเคราะห์,3,693564862,5.27,2026-04-23T00:00:00+07:00,XD,https://www.set.or.th/th/market/product/stock/quote/HMPRO/major-shareholders,HMPRO - บริษัท โฮม โปรดักส์ เซ็นเตอร์ จำกัด (มหาชน)
HMPRO,บริษัท โฮม โปรดักส์ เซ็นเตอร์ จำกัด (มหาชน),สำนักงานประกันสังคม,4,629548472,4.79,2026-04-23T00:00:00+07:00,XD,https://www.set.or.th/th/market/product/stock/quote/HMPRO/major-shareholders,HMPRO - บริษัท โฮม โปรดักส์ เซ็นเตอร์ จำกัด (มหาชน)
HMPRO,บริษัท โฮม โปรดักส์ เซ็นเตอร์ จำกัด (มหาชน),บริษัท ไทยเอ็นวีดีอาร์ จำกัด,5,491505750,3.74,2026-04-23T00:00:00+07:00,XD,https://www.set.or.th/th/market/product/stock/quote/HMPRO/major-shareholders,HMPRO - บริษัท โฮม โปรดักส์ เซ็นเตอร์ จำกัด (มหาชน)
IVL,บริษัท อินโดรามา เวนเจอร์ส จำกัด (มหาชน),บริษัท อินโดรามา รีซอสเซส จำกัด,1,3688403618,65.69,2026-05-29T00:00:00+07:00,XD,https://www.set.or.th/th/market/product/stock/quote/IVL/major-shareholders,IVL - บริษัท อินโดรามา เวนเจอร์ส จำกัด (มหาชน)
IVL,บริษัท อินโดรามา เวนเจอร์ส จำกัด (มหาชน),บริษัท ไทยเอ็นวีดีอาร์ จำกัด,2,328292662,5.85,2026-05-29T00:00:00+07:00,XD,https://www.set.or.th/th/market/product/stock/quote/IVL/major-shareholders,IVL - บริษัท อินโดรามา เวนเจอร์ส จำกัด (มหาชน)
IVL,บริษัท อินโดรามา เวนเจอร์ส จำกัด (มหาชน),ธนาคาร กรุงเทพ จำกัด (มหาชน),3,270905264,4.83,2026-05-29T00:00:00+07:00,XD,https://www.set.or.th/th/market/product/stock/quote/IVL/major-shareholders,IVL - บริษัท อินโดรามา เวนเจอร์ส จำกัด (มหาชน)
IVL,บริษัท อินโดรามา เวนเจอร์ส จำกัด (มหาชน),กองทุนรวม วายุภักษ์หนึ่ง,4,195808700,3.49,2026-05-29T00:00:00+07:00,XD,https://www.set.or.th/th/market/product/stock/quote/IVL/major-shareholders,IVL - บริษัท อินโดรามา เวนเจอร์ส จำกัด (มหาชน)
IVL,บริษัท อินโดรามา เวนเจอร์ส จำกัด (มหาชน),สำนักงานประกันสังคม,5,94564840,1.68,2026-05-29T00:00:00+07:00,XD,https://www.set.or.th/th/market/product/stock/quote/IVL/major-shareholders,IVL - บริษัท อินโดรามา เวนเจอร์ส จำกัด (มหาชน)
KBANK,ธนาคารกสิกรไทย จำกัด (มหาชน),บริษัท ไทยเอ็นวีดีอาร์ จำกัด,1,302400438,12.76,2026-04-22T00:00:00+07:00,XD,https://www.set.or.th/th/market/product/stock/quote/KBANK/major-shareholders,KBANK - ธนาคารกสิกรไทย จำกัด (มหาชน)
KBANK,ธนาคารกสิกรไทย จำกัด (มหาชน),บริษัท กัลฟ์ ดีเวลลอปเมนท์ จำกัด (มหาชน),2,236805000,9.99,2026-04-22T00:00:00+07:00,XD,https://www.set.or.th/th/market/product/stock/quote/KBANK/major-shareholders,KBANK - ธนาคารกสิกรไทย จำกัด (มหาชน)
KBANK,ธนาคารกสิกรไทย จำกัด (มหาชน),STATE STREET EUROPE LIMITED,3,138568144,5.85,2026-04-22T00:00:00+07:00,XD,https://www.set.or.th/th/market/product/stock/quote/KBANK/major-shareholders,KBANK - ธนาคารกสิกรไทย จำกัด (มหาชน)
KBANK,ธนาคารกสิกรไทย จำกัด (มหาชน),SOUTH EAST ASIA UK (TYPE C) NOMINEES LIMITED,4,101684007,4.29,2026-04-22T00:00:00+07:00,XD,https://www.set.or.th/th/market/product/stock/quote/KBANK/major-shareholders,KBANK - ธนาคารกสิกรไทย จำกัด (มหาชน)
KBANK,ธนาคารกสิกรไทย จำกัด (มหาชน),STATE STREET BANK AND TRUST COMPANY,5,92451320,3.9,2026-04-22T00:00:00+07:00,XD,https://www.set.or.th/th/market/product/stock/quote/KBANK/major-shareholders,KBANK - ธนาคารกสิกรไทย จำกัด (มหาชน)
KKP,ธนาคารเกียรตินาคินภัทร จำกัด (มหาชน),บริษัท ไทยเอ็นวีดีอาร์ จำกัด,1,127201113,14.63,2026-04-30T00:00:00+07:00,XD,https://www.set.or.th/th/market/product/stock/quote/KKP/major-shareholders,KKP - ธนาคารเกียรตินาคินภัทร จำกัด (มหาชน)
KKP,ธนาคารเกียรตินาคินภัทร จำกัด (มหาชน),บริษัท โชติธนวัฒน์ จำกัด,2,46318066,5.33,2026-04-30T00:00:00+07:00,XD,https://www.set.or.th/th/market/product/stock/quote/KKP/major-shareholders,KKP - ธนาคารเกียรตินาคินภัทร จำกัด (มหาชน)
KKP,ธนาคารเกียรตินาคินภัทร จำกัด (มหาชน),บริษัท น้ำตาลตะวันออก จำกัด,3,40516393,4.66,2026-04-30T00:00:00+07:00,XD,https://www.set.or.th/th/market/product/stock/quote/KKP/major-shareholders,KKP - ธนาคารเกียรตินาคินภัทร จำกัด (มหาชน)
KKP,ธนาคารเกียรตินาคินภัทร จำกัด (มหาชน),น.ส. ฐิตินันท์ วัธนเวคิน,4,35532761,4.09,2026-04-30T00:00:00+07:00,XD,https://www.set.or.th/th/market/product/stock/quote/KKP/major-shareholders,KKP - ธนาคารเกียรตินาคินภัทร จำกัด (มหาชน)
KKP,ธนาคารเกียรตินาคินภัทร จำกัด (มหาชน),ธนาคาร เกียรตินาคินภัทร จำกัด (มหาชน),5,34896800,4.01,2026-04-30T00:00:00+07:00,XD,https://www.set.or.th/th/market/product/stock/quote/KKP/major-shareholders,KKP - ธนาคารเกียรตินาคินภัทร จำกัด (มหาชน)
KTB,ธนาคารกรุงไทย จำกัด (มหาชน),กองทุน เพื่อการฟื้นฟูและพัฒนาระบบสถาบันการเงิน,1,7696248833,55.07,2026-04-16T00:00:00+07:00,XD,https://www.set.or.th/th/market/product/stock/quote/KTB/major-shareholders,KTB - ธนาคารกรุงไทย จำกัด (มหาชน)
KTB,ธนาคารกรุงไทย จำกัด (มหาชน),บริษัท ไทยเอ็นวีดีอาร์ จำกัด,2,1139937572,8.16,2026-04-16T00:00:00+07:00,XD,https://www.set.or.th/th/market/product/stock/quote/KTB/major-shareholders,KTB - ธนาคารกรุงไทย จำกัด (มหาชน)
KTB,ธนาคารกรุงไทย จำกัด (มหาชน),กองทุนรวม วายุภักษ์หนึ่ง,3,442009615,3.16,2026-04-16T00:00:00+07:00,XD,https://www.set.or.th/th/market/product/stock/quote/KTB/major-shareholders,KTB - ธนาคารกรุงไทย จำกัด (มหาชน)
KTB,ธนาคารกรุงไทย จำกัด (มหาชน),STATE STREET EUROPE LIMITED,4,247722258,1.77,2026-04-16T00:00:00+07:00,XD,https://www.set.or.th/th/market/product/stock/quote/KTB/major-shareholders,KTB - ธนาคารกรุงไทย จำกัด (มหาชน)
KTB,ธนาคารกรุงไทย จำกัด (มหาชน),SOUTH EAST ASIA UK (TYPE C) NOMINEES LIMITED,5,244131410,1.75,2026-04-16T00:00:00+07:00,XD,https://www.set.or.th/th/market/product/stock/quote/KTB/major-shareholders,KTB - ธนาคารกรุงไทย จำกัด (มหาชน)
KTC,บริษัท บัตรกรุงไทย จำกัด (มหาชน),ธนาคาร กรุงไทย จำกัด (มหาชน),1,1270908500,49.29,2026-04-16T00:00:00+07:00,XD,https://www.set.or.th/th/market/product/stock/quote/KTC/major-shareholders,KTC - บริษัท บัตรกรุงไทย จำกัด (มหาชน)
KTC,บริษัท บัตรกรุงไทย จำกัด (มหาชน),บริษัท ไทยเอ็นวีดีอาร์ จำกัด,2,169006961,6.55,2026-04-16T00:00:00+07:00,XD,https://www.set.or.th/th/market/product/stock/quote/KTC/major-shareholders,KTC - บริษัท บัตรกรุงไทย จำกัด (มหาชน)
KTC,บริษัท บัตรกรุงไทย จำกัด (มหาชน),นาย มงคล ประกิตชัยวัฒนา,3,138575084,5.37,2026-04-16T00:00:00+07:00,XD,https://www.set.or.th/th/market/product/stock/quote/KTC/major-shareholders,KTC - บริษัท บัตรกรุงไทย จำกัด (มหาชน)
KTC,บริษัท บัตรกรุงไทย จำกัด (มหาชน),SOUTH EAST ASIA UK (TYPE C) NOMINEES LIMITED,4,53306868,2.07,2026-04-16T00:00:00+07:00,XD,https://www.set.or.th/th/market/product/stock/quote/KTC/major-shareholders,KTC - บริษัท บัตรกรุงไทย จำกัด (มหาชน)
KTC,บริษัท บัตรกรุงไทย จำกัด (มหาชน),กองทุนรวม วายุภักษ์หนึ่ง,5,44271500,1.72,2026-04-16T00:00:00+07:00,XD,https://www.set.or.th/th/market/product/stock/quote/KTC/major-shareholders,KTC - บริษัท บัตรกรุงไทย จำกัด (มหาชน)
LH,บริษัทแลนด์แอนด์เฮ้าส์ จำกัด (มหาชน),นาย อนันต์ อัศวโภคิน,1,2894883427,24.23,2026-04-30T00:00:00+07:00,XD,https://www.set.or.th/th/market/product/stock/quote/LH/major-shareholders,LH - บริษัทแลนด์แอนด์เฮ้าส์ จำกัด (มหาชน)
LH,บริษัทแลนด์แอนด์เฮ้าส์ จำกัด (มหาชน),สำนักงานประกันสังคม,2,763135140,6.39,2026-04-30T00:00:00+07:00,XD,https://www.set.or.th/th/market/product/stock/quote/LH/major-shareholders,LH - บริษัทแลนด์แอนด์เฮ้าส์ จำกัด (มหาชน)
LH,บริษัทแลนด์แอนด์เฮ้าส์ จำกัด (มหาชน),บริษัท เมย์แลนด์ จำกัด,3,677000069,5.67,2026-04-30T00:00:00+07:00,XD,https://www.set.or.th/th/market/product/stock/quote/LH/major-shareholders,LH - บริษัทแลนด์แอนด์เฮ้าส์ จำกัด (มหาชน)
LH,บริษัทแลนด์แอนด์เฮ้าส์ จำกัด (มหาชน),บริษัท ไทยเอ็นวีดีอาร์ จำกัด,4,638067171,5.34,2026-04-30T00:00:00+07:00,XD,https://www.set.or.th/th/market/product/stock/quote/LH/major-shareholders,LH - บริษัทแลนด์แอนด์เฮ้าส์ จำกัด (มหาชน)
LH,บริษัทแลนด์แอนด์เฮ้าส์ จำกัด (มหาชน),THE BANK OF NEW YORK MELLON,5,310929000,2.6,2026-04-30T00:00:00+07:00,XD,https://www.set.or.th/th/market/product/stock/quote/LH/major-shareholders,LH - บริษัทแลนด์แอนด์เฮ้าส์ จำกัด (มหาชน)
MINT,บริษัท ไมเนอร์ อินเตอร์เนชั่นแนล จำกัด (มหาชน),บริษัท ไมเนอร์ โฮลดิ้ง (ไทย) จำกัด,1,916556730,16.17,2026-05-06T00:00:00+07:00,XD,https://www.set.or.th/th/market/product/stock/quote/MINT/major-shareholders,MINT - บริษัท ไมเนอร์ อินเตอร์เนชั่นแนล จำกัด (มหาชน)
MINT,บริษัท ไมเนอร์ อินเตอร์เนชั่นแนล จำกัด (มหาชน),UBS AG SINGAPORE BRANCH - FOR CLIENTS' ACCOUNTS,2,654773783,11.55,2026-05-06T00:00:00+07:00,XD,https://www.set.or.th/th/market/product/stock/quote/MINT/major-shareholders,MINT - บริษัท ไมเนอร์ อินเตอร์เนชั่นแนล จำกัด (มหาชน)
MINT,บริษัท ไมเนอร์ อินเตอร์เนชั่นแนล จำกัด (มหาชน),นาย นิติ โอสถานุเคราะห์,3,558134428,9.84,2026-05-06T00:00:00+07:00,XD,https://www.set.or.th/th/market/product/stock/quote/MINT/major-shareholders,MINT - บริษัท ไมเนอร์ อินเตอร์เนชั่นแนล จำกัด (มหาชน)
MINT,บริษัท ไมเนอร์ อินเตอร์เนชั่นแนล จำกัด (มหาชน),บริษัท ไทยเอ็นวีดีอาร์ จำกัด,4,368653901,6.5,2026-05-06T00:00:00+07:00,XD,https://www.set.or.th/th/market/product/stock/quote/MINT/major-shareholders,MINT - บริษัท ไมเนอร์ อินเตอร์เนชั่นแนล จำกัด (มหาชน)
MINT,บริษัท ไมเนอร์ อินเตอร์เนชั่นแนล จำกัด (มหาชน),สำนักงานประกันสังคม,5,205221402,3.62,2026-05-06T00:00:00+07:00,XD,https://www.set.or.th/th/market/product/stock/quote/MINT/major-shareholders,MINT - บริษัท ไมเนอร์ อินเตอร์เนชั่นแนล จำกัด (มหาชน)
MTC,บริษัท เมืองไทย แคปปิตอล จำกัด (มหาชน),นาง ดาวนภา พัชรชัย,1,720000000,33.96,2026-04-29T00:00:00+07:00,XD,https://www.set.or.th/th/market/product/stock/quote/MTC/major-shareholders,MTC - บริษัท เมืองไทย แคปปิตอล จำกัด (มหาชน)
MTC,บริษัท เมืองไทย แคปปิตอล จำกัด (มหาชน),นาย ปริทัศน์ เพชรอำไพ,2,304028200,14.34,2026-04-29T00:00:00+07:00,XD,https://www.set.or.th/th/market/product/stock/quote/MTC/major-shareholders,MTC - บริษัท เมืองไทย แคปปิตอล จำกัด (มหาชน)
MTC,บริษัท เมืองไทย แคปปิตอล จำกัด (มหาชน),นาย ศึกษิต พัชรชัย,3,300028200,14.15,2026-04-29T00:00:00+07:00,XD,https://www.set.or.th/th/market/product/stock/quote/MTC/major-shareholders,MTC - บริษัท เมืองไทย แคปปิตอล จำกัด (มหาชน)
MTC,บริษัท เมืองไทย แคปปิตอล จำกัด (มหาชน),UBS AG SINGAPORE BRANCH - FOR CLIENTS' ACCOUNTS,4,110300000,5.2,2026-04-29T00:00:00+07:00,XD,https://www.set.or.th/th/market/product/stock/quote/MTC/major-shareholders,MTC - บริษัท เมืองไทย แคปปิตอล จำกัด (มหาชน)
MTC,บริษัท เมืองไทย แคปปิตอล จำกัด (มหาชน),บริษัท ไทยเอ็นวีดีอาร์ จำกัด,5,68050375,3.21,2026-04-29T00:00:00+07:00,XD,https://www.set.or.th/th/market/product/stock/quote/MTC/major-shareholders,MTC - บริษัท เมืองไทย แคปปิตอล จำกัด (มหาชน)
OR,บริษัท ปตท. น้ำมันและการค้าปลีก จำกัด (มหาชน),บริษัท ปตท. จำกัด (มหาชน),1,9000000000,75.0,2026-02-24T00:00:00+07:00,XM,https://www.set.or.th/th/market/product/stock/quote/OR/major-shareholders,OR - บริษัท ปตท. น้ำมันและการค้าปลีก จำกัด (มหาชน)
OR,บริษัท ปตท. น้ำมันและการค้าปลีก จำกัด (มหาชน),บริษัท ไทยเอ็นวีดีอาร์ จำกัด,2,204607323,1.71,2026-02-24T00:00:00+07:00,XM,https://www.set.or.th/th/market/product/stock/quote/OR/major-shareholders,OR - บริษัท ปตท. น้ำมันและการค้าปลีก จำกัด (มหาชน)
OR,บริษัท ปตท. น้ำมันและการค้าปลีก จำกัด (มหาชน),กองทุนรวม วายุภักษ์หนึ่ง,3,188439322,1.57,2026-02-24T00:00:00+07:00,XM,https://www.set.or.th/th/market/product/stock/quote/OR/major-shareholders,OR - บริษัท ปตท. น้ำมันและการค้าปลีก จำกัด (มหาชน)
OR,บริษัท ปตท. น้ำมันและการค้าปลีก จำกัด (มหาชน),SOUTH EAST ASIA UK (TYPE C) NOMINEES LIMITED,4,103877917,0.87,2026-02-24T00:00:00+07:00,XM,https://www.set.or.th/th/market/product/stock/quote/OR/major-shareholders,OR - บริษัท ปตท. น้ำมันและการค้าปลีก จำกัด (มหาชน)
OR,บริษัท ปตท. น้ำมันและการค้าปลีก จำกัด (มหาชน),ชุมนุมสหกรณ์ออมทรัพย์ แห่งประเทศไทย จำกัด,5,75355196,0.63,2026-02-24T00:00:00+07:00,XM,https://www.set.or.th/th/market/product/stock/quote/OR/major-shareholders,OR - บริษัท ปตท. น้ำมันและการค้าปลีก จำกัด (มหาชน)
OSP,บริษัท โอสถสภา จำกัด (มหาชน),นาย นิติ โอสถานุเคราะห์,1,723097300,24.07,2026-05-08T00:00:00+07:00,XD,https://www.set.or.th/th/market/product/stock/quote/OSP/major-shareholders,OSP - บริษัท โอสถสภา จำกัด (มหาชน)
OSP,บริษัท โอสถสภา จำกัด (มหาชน),"BANK JULIUS BAER & CO. LTD, SINGAPORE",2,261060475,8.69,2026-05-08T00:00:00+07:00,XD,https://www.set.or.th/th/market/product/stock/quote/OSP/major-shareholders,OSP - บริษัท โอสถสภา จำกัด (มหาชน)
OSP,บริษัท โอสถสภา จำกัด (มหาชน),บริษัท ไทยเอ็นวีดีอาร์ จำกัด,3,117207677,3.9,2026-05-08T00:00:00+07:00,XD,https://www.set.or.th/th/market/product/stock/quote/OSP/major-shareholders,OSP - บริษัท โอสถสภา จำกัด (มหาชน)
OSP,บริษัท โอสถสภา จำกัด (มหาชน),นาย ภาสุรี โอสถานุเคราะห์,4,100619800,3.35,2026-05-08T00:00:00+07:00,XD,https://www.set.or.th/th/market/product/stock/quote/OSP/major-shareholders,OSP - บริษัท โอสถสภา จำกัด (มหาชน)
OSP,บริษัท โอสถสภา จำกัด (มหาชน),น.ส. เกสรา โอสถานุเคราะห์,5,94188200,3.14,2026-05-08T00:00:00+07:00,XD,https://www.set.or.th/th/market/product/stock/quote/OSP/major-shareholders,OSP - บริษัท โอสถสภา จำกัด (มหาชน)
PTT,บริษัท ปตท. จำกัด (มหาชน),กระทรวงการคลัง,1,14675631250,51.38,2026-03-06T00:00:00+07:00,XM,https://www.set.or.th/th/market/product/stock/quote/PTT/major-shareholders,PTT - บริษัท ปตท. จำกัด (มหาชน)
PTT,บริษัท ปตท. จำกัด (มหาชน),กองทุนรวม วายุภักษ์หนึ่ง,2,2235634400,7.83,2026-03-06T00:00:00+07:00,XM,https://www.set.or.th/th/market/product/stock/quote/PTT/major-shareholders,PTT - บริษัท ปตท. จำกัด (มหาชน)
PTT,บริษัท ปตท. จำกัด (มหาชน),บริษัท ไทยเอ็นวีดีอาร์ จำกัด,3,1700904562,5.95,2026-03-06T00:00:00+07:00,XM,https://www.set.or.th/th/market/product/stock/quote/PTT/major-shareholders,PTT - บริษัท ปตท. จำกัด (มหาชน)
PTT,บริษัท ปตท. จำกัด (มหาชน),ชุมนุมสหกรณ์ออมทรัพย์ แห่งประเทศไทย จำกัด,4,588811600,2.06,2026-03-06T00:00:00+07:00,XM,https://www.set.or.th/th/market/product/stock/quote/PTT/major-shareholders,PTT - บริษัท ปตท. จำกัด (มหาชน)
PTT,บริษัท ปตท. จำกัด (มหาชน),สำนักงานประกันสังคม,5,506558553,1.77,2026-03-06T00:00:00+07:00,XM,https://www.set.or.th/th/market/product/stock/quote/PTT/major-shareholders,PTT - บริษัท ปตท. จำกัด (มหาชน)
PTTEP,บริษัท ปตท.สำรวจและผลิตปิโตรเลียม จำกัด (มหาชน),บริษัท ปตท. จำกัด (มหาชน),1,2532340489,63.79,2026-02-24T00:00:00+07:00,XM,https://www.set.or.th/th/market/product/stock/quote/PTTEP/major-shareholders,PTTEP - บริษัท ปตท.สำรวจและผลิตปิโตรเลียม จำกัด (มหาชน)
PTTEP,บริษัท ปตท.สำรวจและผลิตปิโตรเลียม จำกัด (มหาชน),บริษัท ไทยเอ็นวีดีอาร์ จำกัด,2,265573981,6.69,2026-02-24T00:00:00+07:00,XM,https://www.set.or.th/th/market/product/stock/quote/PTTEP/major-shareholders,PTTEP - บริษัท ปตท.สำรวจและผลิตปิโตรเลียม จำกัด (มหาชน)
PTTEP,บริษัท ปตท.สำรวจและผลิตปิโตรเลียม จำกัด (มหาชน),กองทุนรวม วายุภักษ์หนึ่ง,3,69689100,1.76,2026-02-24T00:00:00+07:00,XM,https://www.set.or.th/th/market/product/stock/quote/PTTEP/major-shareholders,PTTEP - บริษัท ปตท.สำรวจและผลิตปิโตรเลียม จำกัด (มหาชน)
PTTEP,บริษัท ปตท.สำรวจและผลิตปิโตรเลียม จำกัด (มหาชน),STATE STREET EUROPE LIMITED,4,67771167,1.71,2026-02-24T00:00:00+07:00,XM,https://www.set.or.th/th/market/product/stock/quote/PTTEP/major-shareholders,PTTEP - บริษัท ปตท.สำรวจและผลิตปิโตรเลียม จำกัด (มหาชน)
PTTEP,บริษัท ปตท.สำรวจและผลิตปิโตรเลียม จำกัด (มหาชน),บริษัท สยาม แมนเนจเม้นท์ โฮลดิ้ง จำกัด,5,59520000,1.5,2026-02-24T00:00:00+07:00,XM,https://www.set.or.th/th/market/product/stock/quote/PTTEP/major-shareholders,PTTEP - บริษัท ปตท.สำรวจและผลิตปิโตรเลียม จำกัด (มหาชน)
PTTGC,บริษัท พีทีที โกลบอล เคมิคอล จำกัด (มหาชน),บริษัท ปตท. จำกัด (มหาชน),1,2037220915,45.18,2026-02-25T00:00:00+07:00,XM,https://www.set.or.th/th/market/product/stock/quote/PTTGC/major-shareholders,PTTGC - บริษัท พีทีที โกลบอล เคมิคอล จำกัด (มหาชน)
PTTGC,บริษัท พีทีที โกลบอล เคมิคอล จำกัด (มหาชน),บริษัท ไทยเอ็นวีดีอาร์ จำกัด,2,238053430,5.28,2026-02-25T00:00:00+07:00,XM,https://www.set.or.th/th/market/product/stock/quote/PTTGC/major-shareholders,PTTGC - บริษัท พีทีที โกลบอล เคมิคอล จำกัด (มหาชน)
PTTGC,บริษัท พีทีที โกลบอล เคมิคอล จำกัด (มหาชน),กองทุนรวม วายุภักษ์หนึ่ง,3,151705700,3.36,2026-02-25T00:00:00+07:00,XM,https://www.set.or.th/th/market/product/stock/quote/PTTGC/major-shareholders,PTTGC - บริษัท พีทีที โกลบอล เคมิคอล จำกัด (มหาชน)
PTTGC,บริษัท พีทีที โกลบอล เคมิคอล จำกัด (มหาชน),บริษัท สยาม แมนเนจเม้นท์ โฮลดิ้ง จำกัด,4,135240000,3.0,2026-02-25T00:00:00+07:00,XM,https://www.set.or.th/th/market/product/stock/quote/PTTGC/major-shareholders,PTTGC - บริษัท พีทีที โกลบอล เคมิคอล จำกัด (มหาชน)
PTTGC,บริษัท พีทีที โกลบอล เคมิคอล จำกัด (มหาชน),STATE STREET EUROPE LIMITED,5,114288452,2.53,2026-02-25T00:00:00+07:00,XM,https://www.set.or.th/th/market/product/stock/quote/PTTGC/major-shareholders,PTTGC - บริษัท พีทีที โกลบอล เคมิคอล จำกัด (มหาชน)
RATCH,บริษัท ราช กรุ๊ป จำกัด (มหาชน),การไฟฟ้าฝ่ายผลิตแห่งประเทศไทย,1,978750000,45.0,2026-03-13T00:00:00+07:00,XM,https://www.set.or.th/th/market/product/stock/quote/RATCH/major-shareholders,RATCH - บริษัท ราช กรุ๊ป จำกัด (มหาชน)
RATCH,บริษัท ราช กรุ๊ป จำกัด (มหาชน),สหกรณ์ ออมทรัพย์การไฟฟ้าฝ่ายผลิตแห่งประเทศไทย จำกัด,2,134598536,6.19,2026-03-13T00:00:00+07:00,XM,https://www.set.or.th/th/market/product/stock/quote/RATCH/major-shareholders,RATCH - บริษัท ราช กรุ๊ป จำกัด (มหาชน)
RATCH,บริษัท ราช กรุ๊ป จำกัด (มหาชน),สำนักงานประกันสังคม,3,101870550,4.68,2026-03-13T00:00:00+07:00,XM,https://www.set.or.th/th/market/product/stock/quote/RATCH/major-shareholders,RATCH - บริษัท ราช กรุ๊ป จำกัด (มหาชน)
RATCH,บริษัท ราช กรุ๊ป จำกัด (มหาชน),บริษัท ไทยเอ็นวีดีอาร์ จำกัด,4,81948761,3.77,2026-03-13T00:00:00+07:00,XM,https://www.set.or.th/th/market/product/stock/quote/RATCH/major-shareholders,RATCH - บริษัท ราช กรุ๊ป จำกัด (มหาชน)
RATCH,บริษัท ราช กรุ๊ป จำกัด (มหาชน),นาย ประทีป ตั้งมติธรรม,5,27335450,1.26,2026-03-13T00:00:00+07:00,XM,https://www.set.or.th/th/market/product/stock/quote/RATCH/major-shareholders,RATCH - บริษัท ราช กรุ๊ป จำกัด (มหาชน)
SAWAD,บริษัท ศรีสวัสดิ์ คอร์ปอเรชั่น จำกัด (มหาชน),น.ส. ธิดา แก้วบุตตา,1,268883440,16.18,2026-05-08T00:00:00+07:00,XD,https://www.set.or.th/th/market/product/stock/quote/SAWAD/major-shareholders,SAWAD - บริษัท ศรีสวัสดิ์ คอร์ปอเรชั่น จำกัด (มหาชน)
SAWAD,บริษัท ศรีสวัสดิ์ คอร์ปอเรชั่น จำกัด (มหาชน),UBS AG SINGAPORE BRANCH - FOR CLIENTS' ACCOUNTS,2,195030812,11.74,2026-05-08T00:00:00+07:00,XD,https://www.set.or.th/th/market/product/stock/quote/SAWAD/major-shareholders,SAWAD - บริษัท ศรีสวัสดิ์ คอร์ปอเรชั่น จำกัด (มหาชน)
SAWAD,บริษัท ศรีสวัสดิ์ คอร์ปอเรชั่น จำกัด (มหาชน),น.ส. ดวงใจ แก้วบุตตา,3,135263396,8.14,2026-05-08T00:00:00+07:00,XD,https://www.set.or.th/th/market/product/stock/quote/SAWAD/major-shareholders,SAWAD - บริษัท ศรีสวัสดิ์ คอร์ปอเรชั่น จำกัด (มหาชน)
SAWAD,บริษัท ศรีสวัสดิ์ คอร์ปอเรชั่น จำกัด (มหาชน),บริษัท ไทยเอ็นวีดีอาร์ จำกัด,4,103159132,6.21,2026-05-08T00:00:00+07:00,XD,https://www.set.or.th/th/market/product/stock/quote/SAWAD/major-shareholders,SAWAD - บริษัท ศรีสวัสดิ์ คอร์ปอเรชั่น จำกัด (มหาชน)
SAWAD,บริษัท ศรีสวัสดิ์ คอร์ปอเรชั่น จำกัด (มหาชน),นาง จริยา แก้วบุตตา,5,98643749,5.94,2026-05-08T00:00:00+07:00,XD,https://www.set.or.th/th/market/product/stock/quote/SAWAD/major-shareholders,SAWAD - บริษัท ศรีสวัสดิ์ คอร์ปอเรชั่น จำกัด (มหาชน)
SCB,บริษัท เอสซีบี เอกซ์ จำกัด (มหาชน),พระบาทสมเด็จพระวชิรเกล้าเจ้าอยู่หัว,1,793832359,23.58,2026-04-21T00:00:00+07:00,XD,https://www.set.or.th/th/market/product/stock/quote/SCB/major-shareholders,SCB - บริษัท เอสซีบี เอกซ์ จำกัด (มหาชน)
SCB,บริษัท เอสซีบี เอกซ์ จำกัด (มหาชน),กองทุนรวม วายุภักษ์หนึ่ง,2,785298200,23.32,2026-04-21T00:00:00+07:00,XD,https://www.set.or.th/th/market/product/stock/quote/SCB/major-shareholders,SCB - บริษัท เอสซีบี เอกซ์ จำกัด (มหาชน)
SCB,บริษัท เอสซีบี เอกซ์ จำกัด (มหาชน),บริษัท ไทยเอ็นวีดีอาร์ จำกัด,3,182011647,5.41,2026-04-21T00:00:00+07:00,XD,https://www.set.or.th/th/market/product/stock/quote/SCB/major-shareholders,SCB - บริษัท เอสซีบี เอกซ์ จำกัด (มหาชน)
SCB,บริษัท เอสซีบี เอกซ์ จำกัด (มหาชน),สำนักงานประกันสังคม,4,103055200,3.06,2026-04-21T00:00:00+07:00,XD,https://www.set.or.th/th/market/product/stock/quote/SCB/major-shareholders,SCB - บริษัท เอสซีบี เอกซ์ จำกัด (มหาชน)
SCB,บริษัท เอสซีบี เอกซ์ จำกัด (มหาชน),SOUTH EAST ASIA UK (TYPE C) NOMINEES LIMITED,5,102264686,3.04,2026-04-21T00:00:00+07:00,XD,https://www.set.or.th/th/market/product/stock/quote/SCB/major-shareholders,SCB - บริษัท เอสซีบี เอกซ์ จำกัด (มหาชน)
SCC,บริษัท ปูนซิเมนต์ไทย จำกัด (มหาชน),พระบาทสมเด็จพระวชิรเกล้าเจ้าอยู่หัว,1,403647840,33.64,2026-04-02T00:00:00+07:00,XD,https://www.set.or.th/th/market/product/stock/quote/SCC/major-shareholders,SCC - บริษัท ปูนซิเมนต์ไทย จำกัด (มหาชน)
SCC,บริษัท ปูนซิเมนต์ไทย จำกัด (มหาชน),บริษัท ไทยเอ็นวีดีอาร์ จำกัด,2,91860061,7.66,2026-04-02T00:00:00+07:00,XD,https://www.set.or.th/th/market/product/stock/quote/SCC/major-shareholders,SCC - บริษัท ปูนซิเมนต์ไทย จำกัด (มหาชน)
SCC,บริษัท ปูนซิเมนต์ไทย จำกัด (มหาชน),สำนักงานประกันสังคม,3,67135537,5.59,2026-04-02T00:00:00+07:00,XD,https://www.set.or.th/th/market/product/stock/quote/SCC/major-shareholders,SCC - บริษัท ปูนซิเมนต์ไทย จำกัด (มหาชน)
SCC,บริษัท ปูนซิเมนต์ไทย จำกัด (มหาชน),SOUTH EAST ASIA UK (TYPE C) NOMINEES LIMITED,4,37873579,3.16,2026-04-02T00:00:00+07:00,XD,https://www.set.or.th/th/market/product/stock/quote/SCC/major-shareholders,SCC - บริษัท ปูนซิเมนต์ไทย จำกัด (มหาชน)
SCC,บริษัท ปูนซิเมนต์ไทย จำกัด (มหาชน),STATE STREET EUROPE LIMITED,5,21545041,1.8,2026-04-02T00:00:00+07:00,XD,https://www.set.or.th/th/market/product/stock/quote/SCC/major-shareholders,SCC - บริษัท ปูนซิเมนต์ไทย จำกัด (มหาชน)
SCGP,บริษัท เอสซีจี แพคเกจจิ้ง จำกัด (มหาชน),บริษัท ปูนซิเมนต์ไทย จำกัด (มหาชน),1,3095882660,72.12,2026-04-01T00:00:00+07:00,XD,https://www.set.or.th/th/market/product/stock/quote/SCGP/major-shareholders,SCGP - บริษัท เอสซีจี แพคเกจจิ้ง จำกัด (มหาชน)
SCGP,บริษัท เอสซีจี แพคเกจจิ้ง จำกัด (มหาชน),บริษัท ไทยเอ็นวีดีอาร์ จำกัด,2,99757377,2.32,2026-04-01T00:00:00+07:00,XD,https://www.set.or.th/th/market/product/stock/quote/SCGP/major-shareholders,SCGP - บริษัท เอสซีจี แพคเกจจิ้ง จำกัด (มหาชน)
SCGP,บริษัท เอสซีจี แพคเกจจิ้ง จำกัด (มหาชน),สำนักงานประกันสังคม,3,77672286,1.81,2026-04-01T00:00:00+07:00,XD,https://www.set.or.th/th/market/product/stock/quote/SCGP/major-shareholders,SCGP - บริษัท เอสซีจี แพคเกจจิ้ง จำกัด (มหาชน)
SCGP,บริษัท เอสซีจี แพคเกจจิ้ง จำกัด (มหาชน),กองทุนรวม วายุภักษ์หนึ่ง,4,77280058,1.8,2026-04-01T00:00:00+07:00,XD,https://www.set.or.th/th/market/product/stock/quote/SCGP/major-shareholders,SCGP - บริษัท เอสซีจี แพคเกจจิ้ง จำกัด (มหาชน)
SCGP,บริษัท เอสซีจี แพคเกจจิ้ง จำกัด (มหาชน),บริษัท ทุนลดาวัลย์ จำกัด,5,75198900,1.75,2026-04-01T00:00:00+07:00,XD,https://www.set.or.th/th/market/product/stock/quote/SCGP/major-shareholders,SCGP - บริษัท เอสซีจี แพคเกจจิ้ง จำกัด (มหาชน)
TCAP,บริษัท ทุนธนชาต จำกัด (มหาชน),บริษัท เอ็ม บี เค จำกัด (มหาชน),1,261102300,24.9,2026-04-17T00:00:00+07:00,XD,https://www.set.or.th/th/market/product/stock/quote/TCAP/major-shareholders,TCAP - บริษัท ทุนธนชาต จำกัด (มหาชน)
TCAP,บริษัท ทุนธนชาต จำกัด (มหาชน),บริษัท ไทยเอ็นวีดีอาร์ จำกัด,2,84232594,8.03,2026-04-17T00:00:00+07:00,XD,https://www.set.or.th/th/market/product/stock/quote/TCAP/major-shareholders,TCAP - บริษัท ทุนธนชาต จำกัด (มหาชน)
TCAP,บริษัท ทุนธนชาต จำกัด (มหาชน),นาย สมชาย ลิ้มถิรคุณ,3,26700000,2.55,2026-04-17T00:00:00+07:00,XD,https://www.set.or.th/th/market/product/stock/quote/TCAP/major-shareholders,TCAP - บริษัท ทุนธนชาต จำกัด (มหาชน)
TCAP,บริษัท ทุนธนชาต จำกัด (มหาชน),SOUTH EAST ASIA UK (TYPE C) NOMINEES LIMITED,4,25502700,2.43,2026-04-17T00:00:00+07:00,XD,https://www.set.or.th/th/market/product/stock/quote/TCAP/major-shareholders,TCAP - บริษัท ทุนธนชาต จำกัด (มหาชน)
TCAP,บริษัท ทุนธนชาต จำกัด (มหาชน),DBS BANK LTD. AC DBS NOMINEES-PB CLIENTS,5,20402341,1.95,2026-04-17T00:00:00+07:00,XD,https://www.set.or.th/th/market/product/stock/quote/TCAP/major-shareholders,TCAP - บริษัท ทุนธนชาต จำกัด (มหาชน)
TIDLOR,บริษัท ติดล้อ โฮลดิ้งส์ จำกัด (มหาชน),ธนาคาร กรุงศรีอยุธยา จำกัด (มหาชน),1,1346993454,46.51,2026-06-04T00:00:00+07:00,XD,https://www.set.or.th/th/market/product/stock/quote/TIDLOR/major-shareholders,TIDLOR - บริษัท ติดล้อ โฮลดิ้งส์ จำกัด (มหาชน)
TIDLOR,บริษัท ติดล้อ โฮลดิ้งส์ จำกัด (มหาชน),บริษัท ไทยเอ็นวีดีอาร์ จำกัด,2,140922341,4.87,2026-06-04T00:00:00+07:00,XD,https://www.set.or.th/th/market/product/stock/quote/TIDLOR/major-shareholders,TIDLOR - บริษัท ติดล้อ โฮลดิ้งส์ จำกัด (มหาชน)
TIDLOR,บริษัท ติดล้อ โฮลดิ้งส์ จำกัด (มหาชน),กองทุนรวม วายุภักษ์หนึ่ง,3,101183266,3.49,2026-06-04T00:00:00+07:00,XD,https://www.set.or.th/th/market/product/stock/quote/TIDLOR/major-shareholders,TIDLOR - บริษัท ติดล้อ โฮลดิ้งส์ จำกัด (มหาชน)
TIDLOR,บริษัท ติดล้อ โฮลดิ้งส์ จำกัด (มหาชน),"HOTAI FINANCE CO., LTD.",4,89237069,3.08,2026-06-04T00:00:00+07:00,XD,https://www.set.or.th/th/market/product/stock/quote/TIDLOR/major-shareholders,TIDLOR - บริษัท ติดล้อ โฮลดิ้งส์ จำกัด (มหาชน)
TIDLOR,บริษัท ติดล้อ โฮลดิ้งส์ จำกัด (มหาชน),SOUTH EAST ASIA UK (TYPE C) NOMINEES LIMITED,5,58128051,2.01,2026-06-04T00:00:00+07:00,XD,https://www.set.or.th/th/market/product/stock/quote/TIDLOR/major-shareholders,TIDLOR - บริษัท ติดล้อ โฮลดิ้งส์ จำกัด (มหาชน)
TISCO,บริษัท ทิสโก้ไฟแนนเชียลกรุ๊ป จำกัด (มหาชน),บริษัท ไทยเอ็นวีดีอาร์ จำกัด,1,95723474,11.96,2026-04-30T00:00:00+07:00,XD,https://www.set.or.th/th/market/product/stock/quote/TISCO/major-shareholders,TISCO - บริษัท ทิสโก้ไฟแนนเชียลกรุ๊ป จำกัด (มหาชน)
TISCO,บริษัท ทิสโก้ไฟแนนเชียลกรุ๊ป จำกัด (มหาชน),CDIB & PARTNERS INVESTMENT HOLDING PTE.LTD.,2,80065320,10.0,2026-04-30T00:00:00+07:00,XD,https://www.set.or.th/th/market/product/stock/quote/TISCO/major-shareholders,TISCO - บริษัท ทิสโก้ไฟแนนเชียลกรุ๊ป จำกัด (มหาชน)
TISCO,บริษัท ทิสโก้ไฟแนนเชียลกรุ๊ป จำกัด (มหาชน),TOKYO CENTURY CORPORATION,3,39482767,4.93,2026-04-30T00:00:00+07:00,XD,https://www.set.or.th/th/market/product/stock/quote/TISCO/major-shareholders,TISCO - บริษัท ทิสโก้ไฟแนนเชียลกรุ๊ป จำกัด (มหาชน)
TISCO,บริษัท ทิสโก้ไฟแนนเชียลกรุ๊ป จำกัด (มหาชน),SOUTH EAST ASIA UK (TYPE C) NOMINEES LIMITED,4,26233695,3.28,2026-04-30T00:00:00+07:00,XD,https://www.set.or.th/th/market/product/stock/quote/TISCO/major-shareholders,TISCO - บริษัท ทิสโก้ไฟแนนเชียลกรุ๊ป จำกัด (มหาชน)
TISCO,บริษัท ทิสโก้ไฟแนนเชียลกรุ๊ป จำกัด (มหาชน),บริษัท ทุนธนชาต จำกัด (มหาชน),5,13480000,1.68,2026-04-30T00:00:00+07:00,XD,https://www.set.or.th/th/market/product/stock/quote/TISCO/major-shareholders,TISCO - บริษัท ทิสโก้ไฟแนนเชียลกรุ๊ป จำกัด (มหาชน)
TLI,บริษัท ไทยประกันชีวิต จำกัด (มหาชน),บริษัท วี.ซี.สมบัติ จำกัด,1,5818273600,50.81,2026-05-08T00:00:00+07:00,XD,https://www.set.or.th/th/market/product/stock/quote/TLI/major-shareholders,TLI - บริษัท ไทยประกันชีวิต จำกัด (มหาชน)
TLI,บริษัท ไทยประกันชีวิต จำกัด (มหาชน),N.C.B.TRUST LIMITED-CBNA LDN MEIJI YASUDA LIFE G-A 091,2,1946500000,17.0,2026-05-08T00:00:00+07:00,XD,https://www.set.or.th/th/market/product/stock/quote/TLI/major-shareholders,TLI - บริษัท ไทยประกันชีวิต จำกัด (มหาชน)
TLI,บริษัท ไทยประกันชีวิต จำกัด (มหาชน),HER SING (H.K.) LIMITED,3,641156000,5.6,2026-05-08T00:00:00+07:00,XD,https://www.set.or.th/th/market/product/stock/quote/TLI/major-shareholders,TLI - บริษัท ไทยประกันชีวิต จำกัด (มหาชน)
TLI,บริษัท ไทยประกันชีวิต จำกัด (มหาชน),BNP PARIBAS SINGAPORE BRANCH,4,221000000,1.93,2026-05-08T00:00:00+07:00,XD,https://www.set.or.th/th/market/product/stock/quote/TLI/major-shareholders,TLI - บริษัท ไทยประกันชีวิต จำกัด (มหาชน)
TLI,บริษัท ไทยประกันชีวิต จำกัด (มหาชน),กองทุนรวม วายุภักษ์หนึ่ง,5,202764900,1.77,2026-05-08T00:00:00+07:00,XD,https://www.set.or.th/th/market/product/stock/quote/TLI/major-shareholders,TLI - บริษัท ไทยประกันชีวิต จำกัด (มหาชน)
TOP,บริษัท ไทยออยล์ จำกัด (มหาชน),บริษัท ปตท. จำกัด (มหาชน),1,1005920239,45.03,2026-02-26T00:00:00+07:00,XM,https://www.set.or.th/th/market/product/stock/quote/TOP/major-shareholders,TOP - บริษัท ไทยออยล์ จำกัด (มหาชน)
TOP,บริษัท ไทยออยล์ จำกัด (มหาชน),บริษัท ไทยเอ็นวีดีอาร์ จำกัด,2,257207519,11.51,2026-02-26T00:00:00+07:00,XM,https://www.set.or.th/th/market/product/stock/quote/TOP/major-shareholders,TOP - บริษัท ไทยออยล์ จำกัด (มหาชน)
TOP,บริษัท ไทยออยล์ จำกัด (มหาชน),SOUTH EAST ASIA UK (TYPE C) NOMINEES LIMITED,3,75253279,3.37,2026-02-26T00:00:00+07:00,XM,https://www.set.or.th/th/market/product/stock/quote/TOP/major-shareholders,TOP - บริษัท ไทยออยล์ จำกัด (มหาชน)
TOP,บริษัท ไทยออยล์ จำกัด (มหาชน),บริษัท สยาม แมนเนจเม้นท์ โฮลดิ้ง จำกัด,4,66400499,2.97,2026-02-26T00:00:00+07:00,XM,https://www.set.or.th/th/market/product/stock/quote/TOP/major-shareholders,TOP - บริษัท ไทยออยล์ จำกัด (มหาชน)
TOP,บริษัท ไทยออยล์ จำกัด (มหาชน),THE BANK OF NEW YORK MELLON,5,46697567,2.09,2026-02-26T00:00:00+07:00,XM,https://www.set.or.th/th/market/product/stock/quote/TOP/major-shareholders,TOP - บริษัท ไทยออยล์ จำกัด (มหาชน)
TRUE,บริษัท ทรู คอร์ปอเรชั่น จำกัด (มหาชน),บริษัท อไรซ์ ดิจิทัล เทคโนโลยี จำกัด,1,8620749150,24.95,2026-05-21T00:00:00+07:00,XD,https://www.set.or.th/th/market/product/stock/quote/TRUE/major-shareholders,TRUE - บริษัท ทรู คอร์ปอเรชั่น จำกัด (มหาชน)
TRUE,บริษัท ทรู คอร์ปอเรชั่น จำกัด (มหาชน),บริษัท ไทยเอ็นวีดีอาร์ จำกัด,2,4100453519,11.87,2026-05-21T00:00:00+07:00,XD,https://www.set.or.th/th/market/product/stock/quote/TRUE/major-shareholders,TRUE - บริษัท ทรู คอร์ปอเรชั่น จำกัด (มหาชน)
TRUE,บริษัท ทรู คอร์ปอเรชั่น จำกัด (มหาชน),บริษัท ซีพีเอช เทลโค จำกัด,3,3694389485,10.69,2026-05-21T00:00:00+07:00,XD,https://www.set.or.th/th/market/product/stock/quote/TRUE/major-shareholders,TRUE - บริษัท ทรู คอร์ปอเรชั่น จำกัด (มหาชน)
TRUE,บริษัท ทรู คอร์ปอเรชั่น จำกัด (มหาชน),บริษัท เครือเจริญโภคภัณฑ์ จำกัด,4,3122977035,9.04,2026-05-21T00:00:00+07:00,XD,https://www.set.or.th/th/market/product/stock/quote/TRUE/major-shareholders,TRUE - บริษัท ทรู คอร์ปอเรชั่น จำกัด (มหาชน)
TRUE,บริษัท ทรู คอร์ปอเรชั่น จำกัด (มหาชน),CHINA MOBILE INTERNATIONAL HOLDINGS LIMITED,5,2698330341,7.81,2026-05-21T00:00:00+07:00,XD,https://www.set.or.th/th/market/product/stock/quote/TRUE/major-shareholders,TRUE - บริษัท ทรู คอร์ปอเรชั่น จำกัด (มหาชน)
TTB,ธนาคารทหารไทยธนชาต จำกัด (มหาชน),บริษัท ทุนธนชาต จำกัด (มหาชน),1,23782833043,24.37,2026-04-28T00:00:00+07:00,XD,https://www.set.or.th/th/market/product/stock/quote/TTB/major-shareholders,TTB - ธนาคารทหารไทยธนชาต จำกัด (มหาชน)
TTB,ธนาคารทหารไทยธนชาต จำกัด (มหาชน),ING BANK N.V.,2,21164759420,21.69,2026-04-28T00:00:00+07:00,XD,https://www.set.or.th/th/market/product/stock/quote/TTB/major-shareholders,TTB - ธนาคารทหารไทยธนชาต จำกัด (มหาชน)
TTB,ธนาคารทหารไทยธนชาต จำกัด (มหาชน),กระทรวงการคลัง,3,11364282005,11.65,2026-04-28T00:00:00+07:00,XD,https://www.set.or.th/th/market/product/stock/quote/TTB/major-shareholders,TTB - ธนาคารทหารไทยธนชาต จำกัด (มหาชน)
TTB,ธนาคารทหารไทยธนชาต จำกัด (มหาชน),ธนาคาร ทหารไทยธนชาต จำกัด (มหาชน),4,5783412207,5.93,2026-04-28T00:00:00+07:00,XD,https://www.set.or.th/th/market/product/stock/quote/TTB/major-shareholders,TTB - ธนาคารทหารไทยธนชาต จำกัด (มหาชน)
TTB,ธนาคารทหารไทยธนชาต จำกัด (มหาชน),บริษัท ไทยเอ็นวีดีอาร์ จำกัด,5,5546218537,5.68,2026-04-28T00:00:00+07:00,XD,https://www.set.or.th/th/market/product/stock/quote/TTB/major-shareholders,TTB - ธนาคารทหารไทยธนชาต จำกัด (มหาชน)
TU,บริษัท ไทยยูเนี่ยน กรุ๊ป จำกัด (มหาชน),บริษัท ไทยยูเนี่ยน กรุ๊ป จำกัด (มหาชน),1,400038900,9.4,2026-03-04T00:00:00+07:00,XM,https://www.set.or.th/th/market/product/stock/quote/TU/major-shareholders,TU - บริษัท ไทยยูเนี่ยน กรุ๊ป จำกัด (มหาชน)
TU,บริษัท ไทยยูเนี่ยน กรุ๊ป จำกัด (มหาชน),บริษัท ไทยเอ็นวีดีอาร์ จำกัด,2,368387098,8.66,2026-03-04T00:00:00+07:00,XM,https://www.set.or.th/th/market/product/stock/quote/TU/major-shareholders,TU - บริษัท ไทยยูเนี่ยน กรุ๊ป จำกัด (มหาชน)
TU,บริษัท ไทยยูเนี่ยน กรุ๊ป จำกัด (มหาชน),นาย ธีรพงศ์ จันศิริ,3,244068864,5.74,2026-03-04T00:00:00+07:00,XM,https://www.set.or.th/th/market/product/stock/quote/TU/major-shareholders,TU - บริษัท ไทยยูเนี่ยน กรุ๊ป จำกัด (มหาชน)
TU,บริษัท ไทยยูเนี่ยน กรุ๊ป จำกัด (มหาชน),"MITSUBISHI UFJ MORGAN STANLEY SECURITIES CO.,LTD.",4,238745120,5.61,2026-03-04T00:00:00+07:00,XM,https://www.set.or.th/th/market/product/stock/quote/TU/major-shareholders,TU - บริษัท ไทยยูเนี่ยน กรุ๊ป จำกัด (มหาชน)
TU,บริษัท ไทยยูเนี่ยน กรุ๊ป จำกัด (มหาชน),นาย เชง นิรุตตินานนท์,5,200442084,4.71,2026-03-04T00:00:00+07:00,XM,https://www.set.or.th/th/market/product/stock/quote/TU/major-shareholders,TU - บริษัท ไทยยูเนี่ยน กรุ๊ป จำกัด (มหาชน)
WHA,บริษัท ดับบลิวเอชเอ คอร์ปอเรชั่น จำกัด (มหาชน),น.ส. จรีพร จารุกรสกุล,1,3510268969,23.49,2026-05-12T00:00:00+07:00,XD,https://www.set.or.th/th/market/product/stock/quote/WHA/major-shareholders,WHA - บริษัท ดับบลิวเอชเอ คอร์ปอเรชั่น จำกัด (มหาชน)
WHA,บริษัท ดับบลิวเอชเอ คอร์ปอเรชั่น จำกัด (มหาชน),น.ส. ชัชชมนต์ อนันตประยูร,2,1355486105,9.07,2026-05-12T00:00:00+07:00,XD,https://www.set.or.th/th/market/product/stock/quote/WHA/major-shareholders,WHA - บริษัท ดับบลิวเอชเอ คอร์ปอเรชั่น จำกัด (มหาชน)
WHA,บริษัท ดับบลิวเอชเอ คอร์ปอเรชั่น จำกัด (มหาชน),บริษัท ไทยเอ็นวีดีอาร์ จำกัด,3,1071375062,7.17,2026-05-12T00:00:00+07:00,XD,https://www.set.or.th/th/market/product/stock/quote/WHA/major-shareholders,WHA - บริษัท ดับบลิวเอชเอ คอร์ปอเรชั่น จำกัด (มหาชน)
WHA,บริษัท ดับบลิวเอชเอ คอร์ปอเรชั่น จำกัด (มหาชน),นาย นิติ โอสถานุเคราะห์,4,686810190,4.6,2026-05-12T00:00:00+07:00,XD,https://www.set.or.th/th/market/product/stock/quote/WHA/major-shareholders,WHA - บริษัท ดับบลิวเอชเอ คอร์ปอเรชั่น จำกัด (มหาชน)
WHA,บริษัท ดับบลิวเอชเอ คอร์ปอเรชั่น จำกัด (มหาชน),นาย ชัยวัฒน์ พู่พิสุทธิ์,5,680290854,4.55,2026-05-12T00:00:00+07:00,XD,https://www.set.or.th/th/market/product/stock/quote/WHA/major-shareholders,WHA - บริษัท ดับบลิวเอชเอ คอร์ปอเรชั่น จำกัด (มหาชน)
